ID,GVI,SVF,Enclosure,Clutter,road,sidewalk,building,wall,fence,pole,traffic_light,traffic_sign,vegetation,terrain,sky,person,rider,car,truck,bus,train,motorcycle,bicycle
1,6.42,42.71,49.87,2.09,1.01,0.25,43.45,0.0,0.72,0.92,0.17,0.27,6.42,0.0,42.71,0.56,0.01,2.54,0.14,0.0,0.0,0.52,0.3
1001,10.31,28.06,66.24,1.11,0.31,0.01,55.37,0.55,0.18,0.65,0.0,0.27,10.31,0.0,28.06,0.08,0.0,1.63,2.47,0.0,0.0,0.0,0.1
1006,10.75,37.17,59.99,0.77,0.45,0.02,48.93,0.31,0.51,0.03,0.0,0.23,10.75,0.01,37.17,0.14,0.0,1.34,0.04,0.0,0.0,0.0,0.07
1011,0.01,29.05,65.54,3.39,0.3,0.01,61.25,4.28,3.19,0.13,0.01,0.06,0.01,0.0,29.05,0.22,0.0,0.61,0.18,0.34,0.37,0.0,0.0
1013,0.07,23.02,73.19,2.19,0.33,0.21,72.93,0.19,2.0,0.17,0.0,0.02,0.07,0.0,23.02,0.05,0.0,0.61,0.4,0.0,0.0,0.0,0.0
1015,0.5,39.7,50.73,7.82,0.27,0.0,49.54,0.69,6.26,1.16,0.0,0.39,0.5,0.0,39.7,0.32,0.0,0.71,0.23,0.0,0.08,0.0,0.13
1017,0.95,44.62,46.42,4.87,1.66,0.83,45.2,0.26,3.87,0.44,0.01,0.56,0.95,0.01,44.62,0.08,0.0,0.68,0.7,0.06,0.05,0.0,0.02
1018,0.06,19.09,72.87,6.77,0.28,0.14,71.76,1.05,5.53,0.79,0.09,0.36,0.06,0.0,19.09,0.0,0.01,0.56,0.0,0.26,0.0,0.0,0.02
102,6.96,34.26,57.08,1.73,3.33,0.16,49.9,0.22,1.06,0.41,0.0,0.26,6.96,0.0,34.26,0.26,0.0,1.39,0.07,1.33,0.38,0.0,0.01
1020,0.81,36.77,59.14,1.25,0.49,0.12,57.85,0.48,0.45,0.45,0.04,0.31,0.81,0.0,36.77,0.2,0.0,0.62,0.0,0.29,1.0,0.0,0.12
1025,6.15,15.04,83.68,0.34,0.1,0.05,77.53,0.0,0.04,0.12,0.0,0.18,6.15,0.0,15.04,0.28,0.0,0.33,0.0,0.0,0.0,0.03,0.15
1029,0.34,15.69,81.7,1.73,0.0,0.07,81.36,0.0,1.4,0.19,0.0,0.14,0.34,0.0,15.69,0.26,0.0,0.4,0.0,0.0,0.0,0.02,0.14
1036,11.33,26.68,68.75,2.51,0.03,0.03,56.38,1.04,2.25,0.13,0.0,0.13,11.33,0.0,26.68,0.08,0.0,1.31,0.6,0.0,0.0,0.0,0.02
1041,3.87,39.65,55.22,2.76,0.54,0.18,48.9,2.45,2.11,0.32,0.02,0.31,3.87,0.01,39.65,0.07,0.05,0.39,0.01,0.68,0.0,0.27,0.15
1046,0.41,23.38,71.81,3.52,0.26,0.23,70.17,1.23,2.98,0.32,0.0,0.22,0.41,0.0,23.38,0.11,0.0,0.64,0.02,0.0,0.0,0.01,0.01
1060,0.01,21.99,74.24,1.78,0.16,0.14,74.22,0.01,0.93,0.7,0.0,0.15,0.01,0.0,21.99,0.28,0.0,1.26,0.13,0.0,0.0,0.0,0.02
1065,0.49,17.57,80.16,0.65,0.02,0.14,79.68,0.0,0.1,0.37,0.0,0.19,0.49,0.0,17.57,1.02,0.09,0.2,0.0,0.0,0.1,0.0,0.05
1069,12.88,15.72,79.69,3.87,0.0,0.04,66.59,0.22,3.5,0.32,0.0,0.05,12.88,0.0,15.72,0.4,0.0,0.24,0.0,0.0,0.0,0.0,0.05
1071,10.91,11.46,82.42,4.86,0.02,0.25,70.96,0.55,3.93,0.81,0.0,0.12,10.91,0.0,11.46,0.24,0.0,0.57,0.0,0.0,0.0,0.05,0.14
1076,9.77,43.14,51.65,1.73,0.22,0.0,41.79,0.1,0.95,0.42,0.0,0.35,9.77,0.0,43.14,0.03,0.0,3.17,0.04,0.0,0.0,0.01,0.0
1081,7.45,19.66,73.85,4.01,0.39,0.25,65.34,1.07,3.32,0.28,0.0,0.41,7.45,0.02,19.66,0.02,0.0,1.76,0.0,0.0,0.0,0.0,0.03
1086,0.01,24.99,72.74,1.19,0.01,0.02,72.53,0.19,0.56,0.47,0.0,0.16,0.01,0.0,24.99,0.0,0.0,0.05,0.0,0.0,0.99,0.0,0.0
1088,4.25,15.76,80.55,2.53,0.2,0.34,74.07,2.24,1.67,0.63,0.0,0.23,4.25,0.0,15.76,0.01,0.0,0.41,0.0,0.08,0.0,0.0,0.12
109,0.0,18.66,79.09,1.4,0.24,0.03,79.09,0.01,1.22,0.01,0.0,0.17,0.0,0.0,18.66,0.24,0.0,0.09,0.0,0.0,0.07,0.03,0.16
1090,1.25,39.61,49.29,3.78,0.78,0.27,44.09,3.95,2.58,0.69,0.01,0.51,1.25,0.03,39.61,0.09,0.0,3.52,0.16,2.3,0.01,0.0,0.17
1092,0.45,31.88,58.37,5.47,0.61,0.0,50.88,7.04,4.66,0.4,0.0,0.41,0.45,0.0,31.88,0.02,0.0,0.32,1.03,1.5,0.8,0.0,0.0
1093,0.31,65.42,25.49,6.57,0.46,0.41,21.56,3.62,5.53,0.68,0.0,0.36,0.31,0.0,65.42,0.02,0.0,0.53,0.02,0.01,1.06,0.0,0.01
1095,0.42,40.67,54.45,2.83,0.68,0.17,53.7,0.33,1.69,0.65,0.03,0.46,0.42,0.0,40.67,0.18,0.08,0.67,0.14,0.0,0.0,0.04,0.08
1100,0.44,25.78,69.47,1.51,0.01,0.01,69.03,0.0,0.48,0.8,0.0,0.23,0.44,0.0,25.78,0.84,0.0,2.11,0.08,0.0,0.0,0.06,0.12
1105,0.01,24.6,72.98,0.46,0.07,0.0,72.97,0.0,0.17,0.05,0.0,0.24,0.01,0.0,24.6,0.04,0.0,1.84,0.0,0.0,0.0,0.0,0.0
1111,8.27,45.78,47.68,2.46,0.58,0.0,38.29,1.11,1.2,0.85,0.0,0.4,8.27,0.0,45.78,0.15,0.0,2.63,0.3,0.0,0.0,0.36,0.06
1116,15.19,62.72,31.36,3.31,0.98,1.36,15.18,1.0,1.01,1.81,0.01,0.48,15.19,0.02,62.72,0.07,0.0,0.12,0.0,0.04,0.01,0.0,0.0
1121,3.06,58.64,35.2,5.73,0.02,0.0,31.17,0.97,3.86,0.86,0.0,1.0,3.06,0.0,58.64,0.05,0.0,0.35,0.0,0.0,0.0,0.0,0.0
1135,0.04,23.23,74.84,0.55,0.09,0.0,74.39,0.41,0.33,0.09,0.01,0.12,0.04,0.0,23.23,0.1,0.0,0.77,0.0,0.0,0.01,0.29,0.14
114,0.63,44.19,49.9,2.77,1.19,0.18,48.92,0.35,2.16,0.26,0.03,0.32,0.63,0.02,44.19,0.06,0.0,1.44,0.02,0.0,0.0,0.0,0.23
1140,0.01,17.68,79.64,0.88,0.15,0.01,79.63,0.0,0.59,0.25,0.0,0.05,0.01,0.0,17.68,0.0,0.0,1.65,0.0,0.0,0.0,0.0,0.0
1145,1.8,23.11,72.16,2.37,0.3,0.03,70.35,0.0,1.91,0.38,0.0,0.08,1.8,0.0,23.11,0.15,0.0,0.74,0.31,0.5,0.32,0.01,0.01
1147,3.88,33.31,61.66,2.3,1.06,0.0,57.56,0.21,1.27,0.76,0.0,0.27,3.88,0.4,33.31,0.04,0.0,1.09,0.0,0.0,0.05,0.0,0.09
1151,9.61,40.4,55.91,1.43,0.06,0.01,46.24,0.06,0.65,0.53,0.02,0.22,9.61,0.0,40.4,0.25,0.06,1.07,0.26,0.0,0.0,0.0,0.54
1156,13.84,67.13,28.04,2.52,0.73,0.81,11.53,2.67,1.17,0.9,0.01,0.44,13.84,0.57,67.13,0.09,0.02,0.03,0.0,0.0,0.0,0.0,0.07
1161,8.37,49.19,42.65,4.53,1.18,0.03,33.23,1.04,3.67,0.51,0.02,0.33,8.37,0.07,49.19,0.12,0.06,0.98,0.0,1.0,0.14,0.04,0.01
1163,23.26,12.53,79.62,3.5,1.07,0.15,56.16,0.19,3.06,0.21,0.0,0.23,23.26,0.0,12.53,0.02,0.0,2.29,0.01,0.68,0.11,0.0,0.02
1165,3.78,26.29,71.56,1.45,0.06,0.06,65.72,2.05,0.95,0.26,0.0,0.23,3.78,0.0,26.29,0.08,0.0,0.5,0.0,0.0,0.0,0.0,0.0
1167,1.01,45.32,42.98,8.27,0.6,0.01,39.0,2.98,7.53,0.55,0.0,0.19,1.01,0.0,45.32,0.25,0.0,0.69,0.91,0.8,0.15,0.0,0.0
1168,0.0,65.75,22.93,9.63,1.09,0.34,22.03,0.89,8.63,0.62,0.02,0.36,0.0,0.0,65.75,0.03,0.0,0.23,0.01,0.0,0.0,0.0,0.0
1170,8.85,31.81,65.37,1.02,0.4,0.25,49.12,7.4,0.72,0.18,0.0,0.12,8.85,0.0,31.81,0.19,0.01,0.84,0.0,0.0,0.0,0.0,0.09
1175,0.15,27.24,65.51,2.31,0.15,0.08,65.06,0.3,1.36,0.84,0.02,0.09,0.15,0.0,27.24,0.02,0.0,0.85,0.07,1.89,1.84,0.01,0.02
118,26.49,16.28,73.0,0.4,4.98,1.72,45.42,1.09,0.15,0.05,0.0,0.2,26.49,0.0,16.28,0.14,0.0,1.14,0.0,0.0,2.27,0.01,0.04
1180,0.06,6.82,91.28,0.86,0.0,0.0,90.63,0.59,0.43,0.34,0.0,0.09,0.06,0.0,6.82,0.56,0.0,0.15,0.05,0.0,0.09,0.03,0.17
1187,7.51,43.8,51.05,2.59,0.15,0.02,43.38,0.16,1.59,0.62,0.0,0.38,7.51,0.32,43.8,0.2,0.03,1.19,0.41,0.0,0.0,0.2,0.04
1191,17.45,41.11,50.08,6.13,0.7,0.92,29.41,3.22,4.45,1.31,0.01,0.36,17.45,0.76,41.11,0.13,0.0,0.12,0.0,0.0,0.01,0.0,0.03
1196,9.32,54.78,38.45,1.86,3.43,0.09,27.28,1.86,1.28,0.28,0.02,0.28,9.32,0.34,54.78,0.0,0.0,0.79,0.24,0.0,0.0,0.0,0.0
1210,3.49,30.72,64.07,1.91,0.34,0.03,55.5,5.08,1.39,0.3,0.0,0.22,3.49,0.0,30.72,0.12,0.01,1.62,0.06,0.04,0.46,0.47,0.14
1215,0.29,19.89,74.52,2.07,0.8,0.01,73.55,0.67,0.99,0.26,0.02,0.81,0.29,0.0,19.89,0.04,0.0,1.83,0.6,0.01,0.08,0.13,0.03
1220,0.0,29.25,65.03,2.47,0.43,0.06,58.03,7.0,0.7,1.38,0.02,0.37,0.0,0.0,29.25,0.22,0.0,0.38,0.07,1.38,0.7,0.0,0.01
1222,20.42,24.75,59.57,15.14,0.03,0.31,34.3,4.85,14.53,0.46,0.0,0.16,20.42,0.0,24.75,0.02,0.0,0.14,0.0,0.0,0.0,0.0,0.04
1227,7.18,44.72,48.97,2.99,0.44,0.1,40.17,1.62,1.85,0.41,0.0,0.73,7.18,0.0,44.72,0.01,0.0,1.77,0.21,0.0,0.0,0.76,0.02
123,20.67,31.98,64.0,2.88,0.25,0.09,41.59,1.75,2.59,0.15,0.0,0.13,20.67,0.04,31.98,0.08,0.0,0.43,0.0,0.0,0.01,0.07,0.17
1231,24.38,49.57,42.65,3.74,1.22,1.73,16.01,2.26,2.67,0.68,0.01,0.37,24.38,0.0,49.57,0.13,0.0,0.87,0.0,0.0,0.0,0.0,0.1
1236,8.31,49.89,43.26,4.11,0.88,0.01,34.58,0.37,3.37,0.48,0.02,0.24,8.31,0.0,49.89,0.31,0.13,1.25,0.0,0.1,0.0,0.0,0.07
1238,7.0,39.26,55.09,4.25,0.92,0.04,47.12,0.97,3.6,0.32,0.02,0.31,7.0,0.01,39.26,0.03,0.0,0.34,0.0,0.0,0.04,0.0,0.01
1240,19.47,48.09,45.39,4.9,0.51,0.11,22.91,3.01,3.89,0.62,0.04,0.36,19.47,0.02,48.09,0.03,0.0,0.78,0.0,0.0,0.15,0.0,0.02
1242,2.29,60.04,32.3,4.71,1.03,0.35,28.07,1.94,2.52,1.33,0.07,0.79,2.29,0.0,60.04,0.23,0.0,0.16,0.84,0.01,0.3,0.0,0.01
1243,1.43,18.44,72.61,4.39,1.5,1.11,70.57,0.62,4.02,0.22,0.0,0.15,1.43,0.0,18.44,0.08,0.0,1.65,0.01,0.0,0.0,0.05,0.16
1245,5.77,32.82,64.88,1.14,0.24,0.02,47.9,11.21,0.6,0.4,0.0,0.14,5.77,0.0,32.82,0.02,0.0,0.53,0.0,0.0,0.0,0.0,0.34
1249,0.3,35.66,59.12,1.32,0.15,0.01,53.42,5.4,0.74,0.17,0.04,0.37,0.3,0.0,35.66,1.37,0.0,1.18,0.0,0.43,0.71,0.0,0.05
1254,0.04,15.84,82.83,0.53,0.13,0.0,80.85,1.94,0.07,0.32,0.0,0.14,0.04,0.0,15.84,0.08,0.0,0.59,0.0,0.0,0.0,0.0,0.0
1261,15.65,24.64,67.22,7.57,0.17,0.06,42.92,8.65,6.95,0.46,0.0,0.16,15.65,0.0,24.64,0.0,0.0,0.34,0.0,0.0,0.0,0.0,0.0
1266,29.84,38.63,54.48,2.12,0.92,1.09,21.22,3.41,1.31,0.34,0.02,0.45,29.84,0.0,38.63,0.07,0.0,0.09,0.22,0.37,1.96,0.0,0.05
1270,23.66,59.09,36.61,1.94,0.4,0.61,12.4,0.55,1.5,0.21,0.0,0.23,23.66,0.15,59.09,0.03,0.01,1.08,0.0,0.0,0.0,0.03,0.05
128,13.71,27.1,69.67,1.57,0.16,0.27,55.9,0.06,0.63,0.6,0.02,0.32,13.71,0.0,27.1,0.15,0.0,1.0,0.04,0.0,0.0,0.0,0.04
1284,7.93,27.2,65.87,1.23,0.31,0.12,56.74,1.2,0.68,0.43,0.01,0.11,7.93,0.0,27.2,0.32,0.01,0.48,0.94,0.15,3.12,0.03,0.23
1288,0.08,27.01,67.82,1.04,0.06,0.03,67.74,0.0,0.37,0.23,0.0,0.44,0.08,0.0,27.01,0.03,0.0,3.03,0.86,0.0,0.0,0.0,0.1
1293,0.18,30.93,65.46,1.4,0.34,0.05,60.82,4.45,0.22,1.01,0.0,0.17,0.18,0.0,30.93,0.11,0.0,0.73,0.57,0.29,0.11,0.0,0.0
1295,24.63,17.82,72.92,6.85,0.22,0.02,39.31,8.98,6.05,0.5,0.02,0.28,24.63,0.0,17.82,0.15,0.0,0.63,0.0,1.08,0.32,0.0,0.0
13,46.01,21.56,74.17,0.8,1.17,1.63,28.12,0.04,0.1,0.41,0.0,0.29,46.01,0.01,21.56,0.2,0.0,0.34,0.0,0.0,0.08,0.01,0.03
130,22.12,18.44,78.51,1.34,0.41,0.08,56.18,0.22,0.4,0.44,0.0,0.5,22.12,0.0,18.44,0.6,0.0,0.34,0.0,0.0,0.07,0.09,0.1
1305,23.66,59.09,36.61,1.94,0.4,0.61,12.4,0.55,1.5,0.21,0.0,0.23,23.66,0.15,59.09,0.03,0.01,1.08,0.0,0.0,0.0,0.03,0.05
1309,13.57,57.35,38.89,2.67,0.2,0.08,23.62,1.7,2.23,0.17,0.0,0.27,13.57,0.02,57.35,0.01,0.0,0.65,0.06,0.0,0.0,0.03,0.02
1311,21.35,31.29,62.8,4.96,0.62,0.03,40.34,1.11,4.05,0.56,0.01,0.34,21.35,0.03,31.29,0.02,0.0,0.19,0.01,0.0,0.05,0.0,0.0
1313,1.89,66.14,29.1,2.85,0.34,0.15,26.12,1.08,1.85,0.76,0.01,0.23,1.89,0.0,66.14,0.04,0.0,0.35,0.06,0.44,0.5,0.0,0.04
1315,1.66,64.65,29.24,3.15,0.81,0.11,27.05,0.52,1.39,1.31,0.0,0.45,1.66,0.0,64.65,0.11,0.0,0.18,0.03,0.0,1.71,0.0,0.0
1317,0.02,55.04,39.45,3.7,0.84,0.5,37.67,1.76,3.1,0.38,0.0,0.22,0.02,0.0,55.04,0.03,0.0,0.4,0.0,0.01,0.0,0.0,0.03
1319,16.34,33.17,62.38,3.47,0.09,0.16,41.45,4.59,2.76,0.54,0.01,0.16,16.34,0.0,33.17,0.17,0.0,0.51,0.0,0.0,0.0,0.04,0.0
1323,1.17,14.64,80.54,2.57,0.64,0.86,69.59,9.78,1.08,1.32,0.0,0.16,1.17,0.0,14.64,0.12,0.0,0.45,0.0,0.01,0.0,0.02,0.16
1327,0.01,29.63,65.09,1.28,0.09,0.0,64.96,0.12,0.62,0.55,0.01,0.11,0.01,0.0,29.63,0.1,0.0,2.51,0.45,0.0,0.65,0.14,0.05
1334,25.12,17.97,70.91,2.76,0.09,0.0,37.25,8.53,2.28,0.18,0.0,0.3,25.12,0.0,17.97,0.06,0.0,7.46,0.0,0.0,0.73,0.0,0.03
1339,20.52,29.17,64.86,3.71,0.28,0.11,38.39,5.94,3.03,0.55,0.0,0.13,20.52,0.0,29.17,0.57,0.18,0.78,0.0,0.0,0.01,0.05,0.29
1344,13.57,57.35,38.89,2.67,0.2,0.08,23.62,1.7,2.23,0.17,0.0,0.27,13.57,0.02,57.35,0.01,0.0,0.65,0.06,0.0,0.0,0.03,0.02
135,0.01,16.9,80.71,1.28,0.01,0.03,80.7,0.0,0.83,0.03,0.02,0.4,0.01,0.0,16.9,0.01,0.0,0.29,0.0,0.61,0.16,0.0,0.0
1358,7.93,27.2,65.87,1.23,0.31,0.12,56.74,1.2,0.68,0.43,0.01,0.11,7.93,0.0,27.2,0.32,0.01,0.48,0.94,0.15,3.12,0.03,0.23
1362,1.53,30.8,66.48,1.03,0.26,0.43,62.24,2.71,0.36,0.55,0.02,0.1,1.53,0.0,30.8,0.17,0.05,0.6,0.0,0.01,0.04,0.0,0.15
1366,0.0,18.79,78.17,0.27,0.02,0.0,77.92,0.25,0.0,0.21,0.0,0.06,0.0,0.0,18.79,0.2,0.0,2.2,0.12,0.0,0.0,0.09,0.14
1368,0.68,12.91,83.89,1.1,0.08,0.07,72.61,10.6,0.45,0.5,0.0,0.15,0.68,0.0,12.91,0.14,0.0,1.79,0.0,0.0,0.0,0.0,0.02
1373,20.95,26.58,70.45,1.65,0.33,0.05,42.72,6.77,1.12,0.3,0.0,0.23,20.95,0.0,26.58,0.03,0.0,0.89,0.0,0.0,0.0,0.0,0.01
1378,23.96,38.36,50.49,7.8,0.54,0.17,24.89,1.64,6.49,0.98,0.0,0.33,23.96,1.2,38.36,0.06,0.01,1.11,0.09,0.0,0.0,0.0,0.17
1383,13.57,57.35,38.89,2.67,0.2,0.08,23.62,1.7,2.23,0.17,0.0,0.27,13.57,0.02,57.35,0.01,0.0,0.65,0.06,0.0,0.0,0.03,0.02
1387,19.09,42.26,49.57,3.13,0.97,0.21,29.11,1.37,2.27,0.79,0.02,0.05,19.09,0.0,42.26,0.58,0.0,0.31,0.24,2.29,0.42,0.0,0.0
1389,19.09,42.26,49.57,3.13,0.97,0.21,29.11,1.37,2.27,0.79,0.02,0.05,19.09,0.0,42.26,0.58,0.0,0.31,0.24,2.29,0.42,0.0,0.0
1391,0.0,60.59,30.1,7.42,0.85,0.45,27.91,2.19,4.43,0.71,0.17,2.11,0.0,0.0,60.59,0.0,0.03,0.43,0.0,0.08,0.0,0.03,0.0
1393,16.34,33.17,62.38,3.47,0.09,0.16,41.45,4.59,2.76,0.54,0.01,0.16,16.34,0.0,33.17,0.17,0.0,0.51,0.0,0.0,0.0,0.04,0.0
1397,6.89,24.35,64.99,4.68,1.02,0.65,55.61,2.49,3.73,0.11,0.0,0.84,6.89,0.0,24.35,2.57,0.23,0.47,0.8,0.01,0.05,0.07,0.11
140,0.47,48.61,46.5,3.09,0.94,0.14,44.65,1.38,2.42,0.44,0.01,0.23,0.47,0.0,48.61,0.07,0.0,0.22,0.24,0.04,0.0,0.0,0.15
1401,0.0,19.24,72.22,1.59,0.4,4.49,65.92,6.3,0.91,0.26,0.02,0.41,0.0,0.0,19.24,0.08,0.0,0.52,0.3,1.13,0.02,0.0,0.0
1407,25.91,18.77,77.6,1.18,0.28,0.23,45.84,5.85,0.36,0.39,0.0,0.42,25.91,0.0,18.77,0.04,0.0,1.79,0.0,0.0,0.0,0.0,0.12
141,0.5,3.88,80.73,1.78,10.4,1.17,74.0,6.23,1.07,0.17,0.02,0.51,0.5,0.0,3.88,0.2,0.01,1.37,0.27,0.0,0.0,0.0,0.19
1412,24.84,26.13,67.71,3.85,0.91,0.55,36.41,6.45,2.49,0.94,0.03,0.39,24.84,0.0,26.13,0.46,0.0,0.4,0.0,0.0,0.0,0.0,0.0
1417,28.86,29.67,61.63,3.98,0.43,0.5,30.59,2.18,1.7,1.82,0.0,0.46,28.86,2.32,29.67,0.04,0.0,0.31,0.0,0.26,0.06,0.0,0.8
1432,0.1,45.76,49.5,2.98,0.08,0.6,48.32,1.08,2.39,0.15,0.0,0.44,0.1,0.0,45.76,0.25,0.0,0.35,0.01,0.0,0.11,0.35,0.0
1436,0.33,20.61,76.83,0.55,0.18,0.06,76.49,0.01,0.07,0.32,0.0,0.16,0.33,0.0,20.61,0.08,0.01,1.55,0.01,0.0,0.0,0.0,0.13
1440,0.08,15.92,81.09,0.34,0.21,0.04,81.02,0.0,0.06,0.08,0.0,0.19,0.08,0.0,15.92,0.38,0.0,1.89,0.0,0.0,0.0,0.09,0.04
1442,0.06,19.54,76.81,0.41,0.03,0.0,76.03,0.72,0.02,0.1,0.0,0.29,0.06,0.0,19.54,0.24,0.0,2.52,0.44,0.0,0.0,0.0,0.0
1446,12.68,33.14,62.88,2.96,0.34,0.15,44.37,5.83,2.21,0.44,0.01,0.31,12.68,0.0,33.14,0.04,0.0,0.44,0.0,0.0,0.0,0.01,0.04
1451,23.96,38.36,50.49,7.8,0.54,0.17,24.89,1.64,6.49,0.98,0.0,0.33,23.96,1.2,38.36,0.06,0.01,1.11,0.09,0.0,0.0,0.0,0.17
1456,20.56,46.75,44.51,6.91,1.16,0.13,22.15,1.81,5.62,1.02,0.02,0.25,20.56,0.08,46.75,0.09,0.0,0.06,0.0,0.0,0.02,0.0,0.29
1458,8.82,45.35,45.71,6.92,0.71,0.96,30.39,6.5,5.82,0.36,0.0,0.75,8.82,0.02,45.35,0.03,0.0,0.11,0.0,0.18,0.0,0.0,0.0
146,14.7,21.58,75.52,0.87,0.13,0.05,60.28,0.54,0.39,0.16,0.01,0.31,14.7,0.0,21.58,0.07,0.0,1.14,0.0,0.0,0.55,0.0,0.09
1460,8.48,62.91,30.71,4.99,0.71,0.42,20.43,1.8,4.08,0.64,0.0,0.28,8.48,0.0,62.91,0.0,0.0,0.12,0.03,0.0,0.0,0.09,0.02
1462,14.91,35.69,53.17,5.18,3.6,2.19,31.87,6.39,4.39,0.69,0.0,0.1,14.91,0.0,35.69,0.04,0.0,0.07,0.06,0.0,0.0,0.0,0.0
1464,9.4,37.13,55.88,3.52,0.87,1.15,40.02,6.47,2.93,0.45,0.0,0.14,9.4,0.0,37.13,0.44,0.0,0.96,0.05,0.0,0.0,0.0,0.0
1465,0.0,40.52,56.62,2.72,0.05,0.07,56.56,0.07,1.29,1.11,0.02,0.3,0.0,0.0,40.52,0.0,0.0,0.01,0.01,0.0,0.0,0.0,0.0
1467,4.05,12.37,80.22,2.04,0.86,0.83,75.11,1.06,1.46,0.35,0.0,0.23,4.05,0.0,12.37,0.08,0.07,2.57,0.0,0.76,0.0,0.0,0.19
1471,0.15,23.53,72.46,1.63,0.24,0.19,71.64,0.67,1.06,0.43,0.0,0.14,0.15,0.0,23.53,0.2,0.0,0.98,0.11,0.02,0.63,0.0,0.01
1475,0.96,17.74,75.24,4.02,1.62,0.12,68.07,6.21,3.63,0.04,0.0,0.35,0.96,0.0,17.74,0.03,0.01,0.51,0.45,0.05,0.03,0.13,0.03
1481,2.63,12.77,84.94,0.93,0.25,0.16,81.04,1.27,0.56,0.01,0.0,0.36,2.63,0.0,12.77,0.03,0.0,0.88,0.0,0.0,0.0,0.0,0.03
1485,24.84,26.13,67.71,3.85,0.91,0.55,36.41,6.45,2.49,0.94,0.03,0.39,24.84,0.0,26.13,0.46,0.0,0.4,0.0,0.0,0.0,0.0,0.0
1490,27.11,26.99,62.56,8.58,0.3,0.21,34.82,0.63,7.65,0.51,0.0,0.41,27.11,1.21,26.99,0.03,0.0,0.03,0.0,0.03,0.04,0.0,0.02
1505,0.46,10.52,82.95,1.8,0.6,0.05,82.45,0.04,1.4,0.16,0.01,0.23,0.46,0.0,10.52,0.2,0.0,3.18,0.46,0.03,0.0,0.0,0.21
1509,0.24,29.69,66.72,1.29,0.26,0.03,66.05,0.43,0.89,0.29,0.01,0.1,0.24,0.0,29.69,0.1,0.0,1.43,0.44,0.0,0.0,0.04,0.0
151,17.84,37.83,56.25,4.65,0.4,0.15,36.62,1.79,4.32,0.05,0.01,0.27,17.84,0.0,37.83,0.05,0.0,0.44,0.0,0.0,0.0,0.06,0.16
1513,0.12,26.94,70.04,0.51,0.25,0.02,69.92,0.0,0.23,0.06,0.01,0.22,0.12,0.0,26.94,0.09,0.0,1.87,0.18,0.0,0.0,0.0,0.1
1515,0.17,36.91,55.54,1.94,0.45,0.21,53.97,1.4,1.39,0.45,0.0,0.11,0.17,0.0,36.91,0.09,0.0,1.3,3.24,0.03,0.3,0.0,0.01
1519,1.33,21.84,51.45,1.74,13.51,0.03,46.26,3.86,0.93,0.41,0.08,0.32,1.33,0.0,21.84,1.35,0.0,2.19,5.56,0.98,1.28,0.06,0.0
1523,11.46,34.36,54.28,6.1,1.08,0.5,27.37,15.46,5.37,0.66,0.0,0.07,11.46,0.0,34.36,0.29,0.01,1.48,1.88,0.01,0.01,0.0,0.0
1528,22.24,44.82,46.28,7.75,0.74,0.19,19.56,4.49,6.01,1.29,0.06,0.39,22.24,0.0,44.82,0.08,0.0,0.06,0.0,0.0,0.0,0.0,0.07
1530,11.24,52.14,40.34,4.6,1.7,0.52,26.35,2.75,4.01,0.36,0.0,0.23,11.24,0.04,52.14,0.03,0.0,0.31,0.16,0.11,0.0,0.06,0.0
1532,7.06,56.86,37.71,3.78,1.01,0.42,25.92,4.73,2.98,0.56,0.0,0.23,7.06,0.0,56.86,0.02,0.02,0.18,0.0,0.0,0.0,0.0,0.01
1534,13.58,57.45,36.61,4.31,1.01,0.34,18.46,4.56,2.94,1.12,0.0,0.24,13.58,0.03,57.45,0.0,0.01,0.15,0.0,0.0,0.0,0.08,0.01
1536,5.47,37.2,55.81,5.51,0.74,0.32,48.29,2.06,2.73,0.47,0.0,2.31,5.47,0.01,37.2,0.1,0.0,0.06,0.01,0.17,0.0,0.0,0.07
1537,0.0,33.61,63.07,3.22,0.0,0.0,63.06,0.0,2.62,0.43,0.0,0.17,0.0,0.0,33.61,0.01,0.0,0.0,0.0,0.0,0.09,0.0,0.0
1539,3.98,26.98,64.19,2.96,1.6,3.08,57.73,2.49,2.28,0.34,0.01,0.34,3.98,0.3,26.98,0.06,0.0,0.53,0.0,0.09,0.11,0.0,0.09
1543,1.15,13.16,84.11,1.21,0.43,0.23,82.57,0.38,0.23,0.35,0.0,0.62,1.15,0.0,13.16,0.21,0.0,0.63,0.01,0.0,0.0,0.0,0.02
1547,0.29,19.68,76.1,1.42,0.5,0.14,75.82,0.0,0.61,0.36,0.0,0.45,0.29,0.0,19.68,0.16,0.0,1.4,0.33,0.05,0.18,0.0,0.04
1553,0.89,42.43,53.22,1.19,0.18,0.12,51.89,0.43,0.6,0.41,0.0,0.18,0.89,0.0,42.43,0.4,0.0,1.37,0.97,0.0,0.0,0.0,0.12
1557,5.45,22.69,71.39,2.18,1.35,0.21,54.33,11.61,1.75,0.28,0.01,0.15,5.45,0.0,22.69,0.0,0.0,1.12,0.01,0.87,0.17,0.0,0.01
1561,30.76,25.06,63.1,4.17,3.36,0.19,29.24,3.11,3.56,0.49,0.01,0.11,30.76,2.47,25.06,0.05,0.0,0.71,0.89,0.0,0.0,0.0,0.0
1577,0.01,11.42,76.89,5.34,2.56,2.03,76.69,0.19,4.16,0.7,0.01,0.47,0.01,0.0,11.42,0.07,0.0,1.65,0.05,0.0,0.0,0.0,0.0
158,4.14,19.45,79.18,0.78,0.05,0.01,73.49,1.55,0.21,0.16,0.02,0.39,4.14,0.0,19.45,0.02,0.0,0.03,0.22,0.18,0.0,0.02,0.06
1581,0.21,13.16,81.19,1.11,0.36,0.09,80.89,0.09,0.51,0.3,0.01,0.29,0.21,0.0,13.16,0.37,0.0,1.61,0.56,0.73,0.81,0.01,0.01
1585,0.01,37.8,59.24,1.3,0.08,0.07,59.07,0.16,0.66,0.22,0.01,0.41,0.01,0.0,37.8,0.01,0.0,0.75,0.03,0.2,0.34,0.03,0.15
1587,2.59,36.27,52.19,0.36,1.84,0.12,49.51,0.09,0.01,0.15,0.04,0.16,2.59,0.0,36.27,2.86,0.0,1.33,3.58,0.33,0.97,0.0,0.13
1591,1.37,53.66,41.33,1.25,0.11,0.12,39.82,0.15,0.08,0.77,0.0,0.4,1.37,0.0,53.66,0.62,0.0,1.27,0.28,1.2,0.14,0.0,0.0
1595,9.09,32.36,58.1,4.2,0.45,1.02,46.11,2.9,2.38,1.31,0.1,0.41,9.09,0.0,32.36,0.01,0.0,0.05,0.05,3.65,0.06,0.0,0.05
1599,9.12,27.21,62.27,10.4,0.03,0.0,51.38,1.77,10.19,0.07,0.0,0.14,9.12,0.0,27.21,0.0,0.0,0.09,0.0,0.0,0.0,0.0,0.0
1601,2.41,34.36,61.05,0.72,0.78,0.18,58.6,0.05,0.37,0.15,0.0,0.2,2.41,0.02,34.36,0.11,0.01,2.23,0.49,0.0,0.01,0.0,0.04
1603,0.11,10.31,88.47,0.43,0.32,0.0,88.36,0.0,0.3,0.0,0.0,0.12,0.11,0.0,10.31,0.05,0.0,0.38,0.01,0.0,0.0,0.0,0.04
1605,3.85,24.69,69.62,4.97,0.12,0.02,60.82,4.95,4.7,0.07,0.06,0.14,3.85,0.0,24.69,0.0,0.09,0.18,0.0,0.0,0.29,0.0,0.01
1607,32.06,33.62,58.69,5.82,0.66,0.49,25.51,1.12,4.84,0.75,0.0,0.24,32.06,0.01,33.62,0.04,0.0,0.56,0.0,0.0,0.0,0.02,0.1
1609,1.86,27.21,60.53,2.98,0.91,0.09,58.37,0.3,1.08,1.41,0.3,0.19,1.86,0.03,27.21,0.38,0.0,3.51,3.75,0.46,0.0,0.02,0.12
1611,0.09,36.61,57.24,3.96,0.56,0.0,57.03,0.12,3.05,0.76,0.0,0.15,0.09,0.0,36.61,0.0,0.0,0.0,0.0,0.01,1.63,0.0,0.0
1615,1.85,9.57,84.74,1.32,0.13,0.05,82.48,0.41,0.86,0.13,0.01,0.33,1.85,0.02,9.57,0.16,0.0,3.38,0.0,0.39,0.15,0.0,0.06
1619,0.27,10.68,73.32,15.0,0.09,0.08,70.53,2.53,14.36,0.48,0.0,0.16,0.27,0.01,10.68,0.16,0.0,0.37,0.0,0.0,0.22,0.0,0.07
1625,59.04,9.82,87.42,1.06,0.48,1.0,26.72,1.66,0.59,0.37,0.0,0.09,59.04,0.0,9.82,0.04,0.0,0.18,0.0,0.0,0.0,0.0,0.0
1629,0.34,40.16,57.51,1.37,0.08,0.15,54.3,2.88,0.58,0.57,0.0,0.22,0.34,0.22,40.16,0.0,0.0,0.29,0.21,0.0,0.0,0.0,0.0
163,2.04,17.7,80.06,1.21,0.16,0.15,77.79,0.24,0.94,0.06,0.0,0.21,2.04,0.0,17.7,0.05,0.0,0.64,0.0,0.0,0.01,0.0,0.03
1633,12.83,27.55,65.99,4.64,0.17,0.16,53.15,0.01,3.01,1.21,0.29,0.12,12.83,0.0,27.55,0.19,0.0,0.79,0.15,0.0,0.23,0.1,0.03
1649,1.22,27.39,67.9,1.5,1.03,0.43,64.45,2.23,0.69,0.6,0.0,0.22,1.22,0.01,27.39,0.01,0.04,1.39,0.0,0.02,0.06,0.03,0.2
1653,7.07,17.95,77.23,1.76,0.54,0.27,69.93,0.23,0.87,0.73,0.0,0.15,7.07,0.0,17.95,0.21,0.0,1.37,0.22,0.1,0.17,0.11,0.07
1657,9.11,30.15,61.48,2.14,0.38,0.34,52.31,0.06,1.39,0.34,0.0,0.41,9.11,0.0,30.15,0.13,0.0,2.16,2.75,0.0,0.22,0.23,0.0
1659,47.43,12.58,81.86,2.87,0.28,0.21,34.28,0.15,2.16,0.25,0.0,0.46,47.43,0.0,12.58,0.22,0.0,1.6,0.05,0.26,0.0,0.02,0.04
1663,11.93,34.97,56.56,4.33,0.49,0.93,41.46,3.16,1.42,1.97,0.0,0.94,11.93,0.0,34.97,0.08,0.0,0.32,1.06,0.15,1.02,0.06,0.02
1667,16.6,24.17,68.14,5.43,0.33,0.54,50.6,0.94,2.65,0.92,0.02,1.84,16.6,0.0,24.17,0.1,0.02,0.98,0.1,0.0,0.06,0.0,0.13
1671,0.0,11.2,87.89,0.23,0.04,0.0,87.85,0.04,0.16,0.0,0.0,0.07,0.0,0.0,11.2,0.0,0.0,0.57,0.0,0.0,0.0,0.01,0.06
1673,0.21,28.05,67.96,1.15,0.22,0.01,67.75,0.0,0.93,0.02,0.01,0.18,0.21,0.0,28.05,0.15,0.0,1.95,0.22,0.1,0.0,0.17,0.01
1675,0.03,37.11,59.58,1.33,0.76,0.05,59.55,0.0,0.96,0.05,0.0,0.31,0.03,0.0,37.11,0.06,0.0,0.74,0.0,0.01,0.0,0.24,0.12
1677,0.06,10.77,88.35,0.12,0.3,0.0,88.28,0.0,0.0,0.0,0.0,0.11,0.06,0.0,10.77,0.02,0.0,0.13,0.0,0.0,0.02,0.0,0.29
1679,1.17,37.54,56.37,3.07,0.09,0.04,55.2,0.01,2.55,0.03,0.01,0.47,1.17,0.0,37.54,0.07,0.01,1.21,1.46,0.0,0.0,0.13,0.0
168,0.66,53.31,40.67,4.77,0.79,0.09,39.43,0.58,3.86,0.72,0.01,0.17,0.66,0.0,53.31,0.01,0.0,0.36,0.0,0.0,0.0,0.0,0.0
1681,1.22,32.61,53.56,6.08,1.05,0.04,50.63,1.71,3.03,2.47,0.08,0.5,1.22,0.01,32.61,0.11,0.0,2.53,0.05,3.59,0.01,0.16,0.18
1683,30.11,22.44,74.67,1.49,0.09,0.18,42.61,1.94,0.36,0.95,0.0,0.18,30.11,0.0,22.44,0.08,0.0,0.35,0.0,0.14,0.56,0.0,0.0
1687,0.0,15.62,81.15,1.95,0.03,0.16,80.97,0.19,0.09,1.8,0.0,0.07,0.0,0.0,15.62,0.29,0.0,0.14,0.0,0.04,0.6,0.0,0.02
1691,0.28,22.68,65.3,5.66,5.2,0.02,61.13,3.88,5.19,0.01,0.0,0.46,0.28,0.0,22.68,0.21,0.08,0.51,0.17,0.0,0.03,0.02,0.13
1697,59.04,9.82,87.42,1.06,0.48,1.0,26.72,1.66,0.59,0.37,0.0,0.09,59.04,0.0,9.82,0.04,0.0,0.18,0.0,0.0,0.0,0.0,0.0
1701,5.24,40.97,49.4,6.23,0.6,0.82,43.2,0.95,4.5,0.77,0.0,0.95,5.24,0.02,40.97,0.27,0.0,0.26,0.29,0.12,1.01,0.0,0.02
1705,26.28,23.05,69.07,6.09,0.44,0.1,41.4,1.38,4.85,0.38,0.0,0.86,26.28,0.0,23.05,0.33,0.12,0.45,0.1,0.01,0.01,0.04,0.2
172,4.7,13.49,82.88,0.83,0.87,0.83,77.89,0.3,0.53,0.05,0.0,0.24,4.7,0.0,13.49,0.06,0.0,0.39,0.62,0.0,0.0,0.0,0.03
1720,0.64,33.9,57.27,3.82,0.49,0.0,56.02,0.62,2.56,1.17,0.03,0.07,0.64,0.0,33.9,0.2,0.16,3.48,0.0,0.0,0.67,0.0,0.01
1724,0.02,25.58,69.71,0.86,0.36,0.0,69.65,0.04,0.21,0.54,0.01,0.1,0.02,0.0,25.58,0.04,0.0,2.03,0.37,0.28,0.76,0.01,0.0
1728,0.66,25.98,68.23,2.93,0.26,0.07,65.58,1.99,2.31,0.34,0.0,0.28,0.66,0.0,25.98,0.0,0.0,0.86,1.35,0.08,0.23,0.0,0.0
1730,17.79,22.05,66.15,3.24,0.34,0.06,47.48,0.89,2.12,0.67,0.0,0.45,17.79,0.0,22.05,0.13,0.01,5.82,0.76,1.17,0.0,0.0,0.25
1734,0.1,44.15,51.41,2.53,0.05,0.02,49.3,2.01,2.05,0.23,0.01,0.23,0.1,0.0,44.15,0.09,0.0,0.12,0.02,1.19,0.4,0.0,0.03
1738,10.91,38.99,50.06,9.19,0.29,0.28,35.6,3.55,7.32,1.64,0.0,0.23,10.91,0.0,38.99,0.04,0.0,0.5,0.52,0.0,0.03,0.0,0.09
1742,4.42,16.47,76.22,3.8,0.58,0.01,71.54,0.26,2.58,0.05,0.0,1.17,4.42,0.0,16.47,0.19,0.0,0.41,1.71,0.06,0.18,0.0,0.37
1744,0.19,10.36,87.97,0.57,0.31,0.0,87.79,0.0,0.34,0.04,0.0,0.19,0.19,0.0,10.36,0.0,0.0,0.75,0.0,0.0,0.0,0.0,0.04
1746,1.02,17.65,78.61,2.32,0.22,0.0,77.42,0.17,2.02,0.05,0.0,0.25,1.02,0.0,17.65,0.01,0.0,1.1,0.1,0.0,0.0,0.0,0.0
1748,0.49,56.38,38.37,2.18,0.4,0.08,37.82,0.06,1.64,0.08,0.01,0.46,0.49,0.0,56.38,0.45,0.0,0.57,1.2,0.26,0.0,0.0,0.11
1750,5.99,34.34,54.98,2.83,3.36,0.9,45.36,3.63,2.16,0.32,0.0,0.35,5.99,0.01,34.34,0.14,0.0,0.19,2.8,0.03,0.37,0.03,0.01
1751,12.29,24.2,63.16,3.55,0.56,0.17,49.05,1.83,2.06,0.82,0.07,0.61,12.29,0.0,24.2,0.13,0.0,1.49,5.43,1.13,0.03,0.0,0.14
1753,0.82,50.25,43.44,2.81,0.52,0.29,42.6,0.02,0.92,1.44,0.14,0.32,0.82,0.0,50.25,0.31,0.0,0.57,1.09,0.0,0.04,0.57,0.1
1757,0.67,34.38,61.55,1.27,0.16,0.08,60.0,0.88,0.56,0.59,0.01,0.12,0.67,0.0,34.38,0.08,0.0,2.33,0.03,0.08,0.02,0.0,0.0
1761,0.09,21.89,69.33,2.38,0.39,0.09,68.62,0.63,1.2,0.48,0.0,0.7,0.09,0.0,21.89,0.01,0.0,1.61,2.84,1.13,0.23,0.08,0.01
1767,6.34,41.49,47.79,5.33,0.31,0.1,41.06,0.39,4.41,0.59,0.01,0.33,6.34,0.0,41.49,0.15,0.33,1.09,2.78,0.06,0.01,0.06,0.51
177,30.72,17.74,78.26,1.07,0.22,1.64,47.38,0.16,0.76,0.18,0.0,0.13,30.72,0.0,17.74,0.15,0.0,0.59,0.0,0.0,0.02,0.05,0.26
1771,0.24,51.63,45.22,1.77,0.06,0.03,44.99,0.0,1.38,0.15,0.0,0.24,0.24,0.0,51.63,0.34,0.0,0.68,0.03,0.11,0.0,0.0,0.12
1775,14.86,34.82,62.21,1.44,0.32,0.17,46.69,0.67,0.99,0.17,0.01,0.27,14.86,0.0,34.82,0.2,0.0,0.18,0.55,0.0,0.0,0.0,0.1
1789,0.17,56.0,37.53,2.92,1.25,0.29,37.34,0.02,2.64,0.04,0.01,0.24,0.17,0.0,56.0,0.35,0.0,0.32,1.1,0.0,0.08,0.0,0.15
1793,1.25,48.13,49.83,0.95,0.33,0.02,48.57,0.01,0.28,0.21,0.02,0.45,1.25,0.0,48.13,0.09,0.0,0.44,0.0,0.2,0.0,0.0,0.0
1797,0.21,23.73,71.09,0.51,0.19,0.01,70.87,0.02,0.29,0.04,0.0,0.19,0.21,0.0,23.73,0.18,0.04,1.42,2.1,0.71,0.0,0.03,0.0
1799,1.18,34.04,62.41,1.02,0.06,0.01,61.23,0.0,0.54,0.18,0.0,0.29,1.18,0.0,34.04,0.34,0.0,1.86,0.2,0.0,0.0,0.0,0.06
18,1.99,28.74,67.0,1.36,0.17,0.02,64.65,0.36,0.37,0.64,0.1,0.25,1.99,0.0,28.74,0.24,0.0,0.91,0.14,0.71,0.1,0.49,0.12
1803,0.53,68.44,26.52,3.19,0.01,0.02,25.86,0.12,2.95,0.09,0.0,0.15,0.53,0.0,68.44,0.6,0.0,0.99,0.0,0.0,0.0,0.05,0.18
1807,19.99,23.8,60.23,14.01,0.73,0.13,39.61,0.63,13.63,0.19,0.0,0.19,19.99,0.05,23.8,0.12,0.0,0.74,0.15,0.0,0.0,0.02,0.02
1811,22.46,31.2,66.61,1.09,0.32,0.12,42.99,1.16,0.19,0.69,0.0,0.21,22.46,0.0,31.2,0.14,0.0,0.51,0.0,0.0,0.0,0.0,0.01
1813,2.01,41.93,48.9,6.11,0.36,0.05,46.49,0.4,5.47,0.56,0.0,0.08,2.01,0.0,41.93,0.2,0.01,0.53,1.46,0.01,0.43,0.0,0.0
1815,20.94,26.17,59.07,8.5,0.43,1.37,36.39,1.74,7.74,0.59,0.0,0.17,20.94,0.0,26.17,2.69,0.0,1.25,0.19,0.33,0.0,0.0,0.0
1817,14.64,34.98,59.22,3.89,0.26,0.06,40.84,3.73,2.68,1.04,0.01,0.16,14.64,0.0,34.98,0.61,0.0,0.06,0.56,0.0,0.28,0.0,0.08
1819,0.78,33.48,57.7,2.96,1.23,1.63,53.95,2.97,1.55,0.99,0.02,0.41,0.78,0.02,33.48,0.29,0.04,2.19,0.09,0.0,0.0,0.3,0.08
182,24.76,23.74,58.87,14.23,0.19,0.22,29.47,4.64,13.92,0.17,0.03,0.11,24.76,0.0,23.74,0.21,0.03,0.51,0.09,0.0,1.87,0.0,0.04
1821,0.34,25.75,72.43,1.15,0.02,0.07,68.46,3.62,0.91,0.09,0.0,0.14,0.34,0.0,25.75,0.03,0.0,0.37,0.05,0.0,0.13,0.0,0.0
1825,0.32,55.1,39.87,1.96,1.05,0.25,39.55,0.0,1.71,0.04,0.0,0.21,0.32,0.01,55.1,0.07,0.0,0.24,1.18,0.04,0.0,0.12,0.09
1829,0.0,22.89,68.8,2.66,0.3,0.0,68.26,0.53,2.24,0.08,0.02,0.32,0.0,0.0,22.89,0.73,0.29,1.15,2.01,0.64,0.22,0.0,0.32
1835,0.25,45.38,52.15,1.42,0.06,0.04,51.9,0.01,0.97,0.27,0.0,0.17,0.25,0.0,45.38,0.37,0.01,0.57,0.0,0.0,0.0,0.0,0.0
1839,1.36,56.64,40.8,1.03,0.0,0.0,39.23,0.2,0.83,0.07,0.0,0.13,1.36,0.0,56.64,0.63,0.0,0.27,0.0,0.06,0.57,0.0,0.01
184,17.79,8.87,85.58,4.89,0.18,0.0,67.78,0.0,3.89,0.62,0.0,0.39,17.79,0.0,8.87,0.02,0.0,0.4,0.0,0.01,0.05,0.0,0.0
1843,18.8,29.2,64.94,3.77,0.65,0.07,45.7,0.44,2.72,0.8,0.01,0.24,18.8,0.0,29.2,0.3,0.0,0.96,0.08,0.0,0.02,0.0,0.02
1856,0.21,54.9,37.83,5.65,0.34,0.61,37.51,0.11,5.18,0.13,0.0,0.34,0.21,0.0,54.9,0.14,0.0,0.04,0.35,0.0,0.03,0.0,0.13
1860,1.23,3.1,56.56,2.99,33.62,0.3,55.16,0.18,2.42,0.27,0.02,0.28,1.23,0.0,3.1,0.02,0.0,0.29,0.49,1.68,0.94,0.0,0.01
1864,0.21,23.73,71.09,0.51,0.19,0.01,70.87,0.02,0.29,0.04,0.0,0.19,0.21,0.0,23.73,0.18,0.04,1.42,2.1,0.71,0.0,0.03,0.0
1866,0.38,48.01,48.3,1.57,0.21,0.05,47.91,0.0,1.05,0.28,0.01,0.22,0.38,0.0,48.01,0.12,0.0,0.82,0.25,0.23,0.02,0.06,0.34
1870,0.24,46.36,49.9,2.12,0.22,0.02,49.66,0.0,1.13,0.89,0.0,0.1,0.24,0.0,46.36,0.49,0.0,0.31,0.55,0.0,0.0,0.0,0.02
1878,16.78,31.08,61.0,6.62,0.19,0.06,42.18,2.04,5.57,0.82,0.0,0.23,16.78,0.0,31.08,0.18,0.03,0.76,0.03,0.0,0.0,0.0,0.04
1880,2.01,41.93,48.9,6.11,0.36,0.05,46.49,0.4,5.47,0.56,0.0,0.08,2.01,0.0,41.93,0.2,0.01,0.53,1.46,0.01,0.43,0.0,0.0
1882,10.57,29.57,59.59,5.59,0.31,0.05,47.13,1.89,4.47,0.98,0.01,0.14,10.57,0.0,29.57,0.17,0.0,1.93,1.51,0.62,0.5,0.0,0.16
1884,3.08,26.04,63.68,4.85,0.75,0.35,59.4,1.2,2.88,1.35,0.02,0.6,3.08,0.0,26.04,0.19,2.36,1.38,0.0,0.12,0.05,0.02,0.22
1886,0.14,44.54,46.06,5.54,0.46,0.11,45.77,0.15,5.18,0.25,0.0,0.11,0.14,0.0,44.54,0.0,0.0,0.21,1.3,1.49,0.27,0.0,0.0
189,0.0,16.02,70.77,12.27,0.12,0.0,69.28,1.48,10.97,0.87,0.01,0.42,0.0,0.0,16.02,0.5,0.0,0.26,0.0,0.0,0.07,0.0,0.0
1890,1.82,54.29,37.95,5.99,0.44,0.02,27.68,8.44,5.23,0.47,0.0,0.29,1.82,0.0,54.29,0.06,0.0,0.26,0.18,0.37,0.41,0.01,0.01
1894,0.54,42.15,48.47,5.63,0.81,0.41,45.66,2.27,5.29,0.3,0.01,0.04,0.54,0.0,42.15,0.02,0.0,0.86,0.12,0.09,1.26,0.17,0.01
1900,0.49,39.98,54.46,3.66,0.22,0.21,53.89,0.08,3.17,0.28,0.0,0.2,0.49,0.0,39.98,0.56,0.0,0.74,0.16,0.02,0.0,0.0,0.0
1904,0.97,56.76,40.79,0.8,0.11,0.02,39.82,0.0,0.54,0.04,0.01,0.22,0.97,0.0,56.76,0.26,0.0,1.1,0.0,0.0,0.0,0.0,0.17
1919,1.82,50.1,41.7,6.14,0.4,0.06,36.4,3.47,5.26,0.34,0.0,0.53,1.82,0.0,50.1,0.0,0.0,0.1,0.98,0.0,0.52,0.0,0.0
1923,0.35,43.6,51.17,3.92,0.36,0.06,45.29,5.53,3.47,0.31,0.0,0.14,0.35,0.0,43.6,0.01,0.0,0.32,0.54,0.0,0.0,0.0,0.01
1927,1.11,41.06,44.01,5.94,0.51,0.0,41.24,1.65,5.64,0.23,0.0,0.06,1.11,0.0,41.06,0.12,0.01,5.0,0.0,3.18,0.13,0.04,0.0
1929,0.35,41.62,54.47,2.66,0.26,0.06,53.59,0.54,1.9,0.33,0.04,0.39,0.35,0.0,41.62,0.18,0.0,0.26,0.16,0.01,0.0,0.13,0.18
1933,0.36,44.76,52.39,0.67,0.14,0.0,51.42,0.61,0.12,0.39,0.0,0.16,0.36,0.0,44.76,0.17,0.0,0.92,0.56,0.14,0.22,0.0,0.03
194,0.0,3.3,95.3,0.95,0.16,0.01,94.7,0.61,0.83,0.0,0.0,0.12,0.0,0.0,3.3,0.0,0.0,0.27,0.0,0.0,0.0,0.0,0.0
1943,5.16,75.37,16.72,5.4,1.54,0.23,7.25,4.31,2.81,2.2,0.03,0.37,5.16,0.57,75.37,0.09,0.0,0.07,0.0,0.0,0.0,0.0,0.0
1945,1.18,0.24,79.07,2.92,7.17,3.33,68.32,9.56,2.13,0.05,0.12,0.61,1.18,0.0,0.24,0.0,0.0,3.88,0.02,3.38,0.0,0.0,0.0
1947,11.42,3.99,68.86,7.03,4.18,0.01,48.67,8.77,6.24,0.12,0.04,0.63,11.42,0.0,3.99,0.35,0.03,1.76,13.29,0.07,0.26,0.0,0.17
1951,1.82,54.29,37.95,5.99,0.44,0.02,27.68,8.44,5.23,0.47,0.0,0.29,1.82,0.0,54.29,0.06,0.0,0.26,0.18,0.37,0.41,0.01,0.01
1955,0.54,42.15,48.47,5.63,0.81,0.41,45.66,2.27,5.29,0.3,0.01,0.04,0.54,0.0,42.15,0.02,0.0,0.86,0.12,0.09,1.26,0.17,0.01
1961,0.51,47.79,49.8,1.75,0.25,0.23,46.49,2.81,1.24,0.04,0.0,0.48,0.51,0.0,47.79,0.05,0.0,0.07,0.0,0.0,0.0,0.0,0.06
1973,1.77,41.79,47.96,3.04,0.16,0.02,45.0,1.19,2.58,0.15,0.0,0.32,1.77,0.07,41.79,0.2,0.0,0.59,0.18,4.09,1.73,0.16,0.01
199,2.93,50.58,40.89,7.13,0.67,0.08,36.82,1.15,6.22,0.55,0.0,0.36,2.93,0.02,50.58,0.06,0.0,0.3,0.02,0.0,0.0,0.0,0.24
200,2.87,1.84,82.46,0.67,11.58,0.21,79.59,0.0,0.07,0.06,0.12,0.42,2.87,0.0,1.84,0.13,0.0,0.4,0.51,1.08,0.92,0.0,0.2
205,1.8,16.19,78.55,1.92,0.3,0.1,76.63,0.11,1.39,0.13,0.05,0.35,1.8,0.0,16.19,0.09,0.0,2.6,0.06,0.01,0.0,0.18,0.0
210,32.26,21.14,70.44,7.69,0.18,0.2,35.41,2.77,7.14,0.22,0.0,0.33,32.26,0.0,21.14,0.05,0.0,0.27,0.01,0.0,0.0,0.0,0.02
217,38.83,26.0,69.86,2.03,0.6,0.16,30.97,0.06,1.52,0.42,0.0,0.08,38.83,0.0,26.0,0.16,0.0,1.02,0.0,0.0,0.02,0.16,0.0
222,0.0,10.89,83.13,2.99,0.07,0.01,83.12,0.0,2.59,0.25,0.02,0.13,0.0,0.0,10.89,0.03,0.0,1.09,0.0,0.18,1.5,0.03,0.09
227,0.95,47.42,43.31,4.27,0.14,0.0,42.09,0.27,2.65,0.98,0.03,0.6,0.95,0.02,47.42,0.09,0.01,1.3,0.07,1.23,1.86,0.26,0.03
23,25.81,30.84,63.65,2.19,0.62,0.21,37.39,0.45,0.95,0.4,0.0,0.84,25.81,0.0,30.84,0.18,0.0,1.82,0.0,0.15,0.0,0.34,0.0
235,8.13,29.13,66.87,1.92,0.16,0.04,58.75,0.0,0.73,0.87,0.0,0.33,8.13,0.0,29.13,0.21,0.0,1.36,0.0,0.0,0.0,0.06,0.24
240,0.0,18.09,79.36,1.03,0.28,0.01,79.3,0.06,0.65,0.18,0.0,0.19,0.0,0.0,18.09,0.03,0.0,0.83,0.31,0.0,0.0,0.0,0.06
245,3.15,13.27,82.64,2.47,0.06,0.03,79.32,0.16,1.19,0.16,0.0,1.13,3.15,0.0,13.27,0.13,0.0,1.12,0.2,0.0,0.03,0.0,0.05
247,7.24,26.37,64.84,8.08,0.0,0.03,57.46,0.14,7.7,0.07,0.0,0.31,7.24,0.0,26.37,0.0,0.0,0.04,0.0,0.58,0.0,0.0,0.05
25,0.97,21.33,69.78,2.41,2.45,0.65,68.16,0.64,0.69,0.71,0.02,0.99,0.97,0.0,21.33,0.27,0.05,2.22,0.43,0.0,0.0,0.09,0.3
252,19.06,11.86,83.87,0.89,0.3,0.09,64.78,0.03,0.28,0.41,0.02,0.18,19.06,0.0,11.86,0.29,0.0,1.22,0.0,1.4,0.07,0.0,0.02
257,1.14,34.33,60.54,2.17,0.47,0.32,59.28,0.12,0.54,0.87,0.0,0.76,1.14,0.11,34.33,0.31,0.0,0.6,0.66,0.43,0.0,0.02,0.04
262,6.41,52.03,42.27,2.84,1.44,0.25,29.95,5.92,2.39,0.36,0.0,0.09,6.41,0.15,52.03,0.1,0.0,0.67,0.0,0.02,0.08,0.0,0.13
264,6.8,60.04,32.56,2.71,1.02,0.52,20.2,5.56,1.57,0.66,0.0,0.48,6.8,0.07,60.04,0.13,0.0,1.05,0.49,1.01,0.15,0.0,0.25
265,0.65,0.07,79.68,2.43,14.28,0.34,79.0,0.03,0.86,0.76,0.03,0.78,0.65,0.0,0.07,0.09,0.0,0.8,0.0,1.78,0.11,0.05,0.36
270,29.62,21.66,74.01,1.38,0.8,0.18,43.83,0.56,0.57,0.41,0.0,0.4,29.62,0.0,21.66,0.26,0.0,1.19,0.0,0.01,0.0,0.12,0.39
275,0.04,22.07,74.3,0.84,1.05,0.35,74.21,0.04,0.01,0.45,0.02,0.37,0.04,0.0,22.07,0.16,0.0,0.39,0.28,0.0,0.43,0.0,0.13
282,0.08,23.99,73.05,1.32,0.08,0.04,72.97,0.0,1.03,0.17,0.01,0.12,0.08,0.0,23.99,0.08,0.0,0.29,0.03,0.21,0.84,0.0,0.06
287,8.76,22.84,72.1,2.51,0.54,0.13,62.82,0.51,1.72,0.5,0.02,0.27,8.76,0.0,22.84,0.11,0.0,1.74,0.0,0.02,0.0,0.0,0.01
292,0.58,34.88,53.11,7.05,0.33,0.04,52.53,0.01,4.97,1.96,0.01,0.11,0.58,0.0,34.88,0.12,0.0,0.79,3.26,0.24,0.09,0.0,0.08
30,0.0,16.91,69.82,7.4,0.03,0.0,69.12,0.69,6.84,0.05,0.04,0.47,0.0,0.0,16.91,0.11,0.0,0.59,0.43,0.08,4.48,0.15,0.0
301,0.1,26.91,68.4,1.5,0.36,0.02,68.3,0.0,0.22,0.75,0.01,0.52,0.1,0.0,26.91,0.3,0.01,2.29,0.1,0.0,0.0,0.07,0.02
306,16.65,22.08,73.07,1.67,1.1,0.14,55.96,0.46,0.89,0.35,0.01,0.43,16.65,0.0,22.08,0.35,0.05,1.14,0.0,0.0,0.0,0.25,0.14
311,0.97,20.58,74.94,1.91,0.48,0.02,73.97,0.0,1.03,0.4,0.0,0.48,0.97,0.0,20.58,0.02,0.06,1.56,0.3,0.0,0.0,0.04,0.08
313,2.06,29.76,66.62,2.28,0.1,0.05,64.21,0.36,1.75,0.16,0.01,0.37,2.06,0.0,29.76,0.1,0.0,1.02,0.0,0.0,0.01,0.0,0.06
318,2.71,38.47,56.18,2.01,0.53,0.09,53.42,0.05,0.7,0.96,0.03,0.32,2.71,0.0,38.47,0.29,0.0,1.74,0.01,0.14,0.13,0.03,0.38
323,6.2,28.8,66.99,3.06,0.33,0.0,60.78,0.0,2.5,0.19,0.0,0.37,6.2,0.12,28.8,0.05,0.0,0.49,0.03,0.1,0.0,0.0,0.02
328,0.08,32.52,59.68,4.46,1.08,0.03,53.48,6.12,3.07,1.28,0.03,0.08,0.08,0.0,32.52,0.03,0.0,0.39,0.26,1.46,0.08,0.0,0.02
330,2.06,58.38,32.04,3.36,1.06,0.27,29.96,0.02,1.88,0.92,0.08,0.49,2.06,0.03,58.38,0.15,0.0,0.72,0.25,2.78,0.73,0.15,0.08
332,0.55,56.09,34.5,4.98,0.97,0.15,33.83,0.11,3.87,0.72,0.0,0.38,0.55,0.0,56.09,0.23,0.0,1.01,0.58,0.81,0.68,0.0,0.01
333,0.58,0.24,86.06,1.4,7.74,3.92,85.4,0.08,0.97,0.08,0.0,0.36,0.58,0.0,0.24,0.25,0.0,0.3,0.0,0.0,0.0,0.0,0.08
338,23.08,23.55,73.44,0.87,0.21,0.04,50.29,0.08,0.4,0.07,0.0,0.4,23.08,0.0,23.55,0.17,0.0,1.72,0.0,0.0,0.0,0.0,0.0
343,8.94,23.07,72.45,2.05,0.54,0.01,63.28,0.23,1.09,0.67,0.02,0.27,8.94,0.0,23.07,0.02,0.0,1.45,0.01,0.33,0.01,0.0,0.05
35,58.31,16.1,79.24,1.3,0.82,0.52,20.87,0.06,0.96,0.12,0.0,0.23,58.31,0.05,16.1,0.05,0.0,1.83,0.0,0.0,0.0,0.01,0.08
350,3.21,11.03,87.38,1.21,0.02,0.0,81.83,2.35,0.77,0.21,0.0,0.22,3.21,0.13,11.03,0.05,0.0,0.15,0.0,0.0,0.0,0.0,0.03
355,6.41,19.11,78.34,1.25,0.14,0.0,71.88,0.05,0.94,0.16,0.01,0.13,6.41,0.0,19.11,0.06,0.0,0.74,0.0,0.0,0.09,0.1,0.18
360,1.63,16.59,80.43,1.28,0.27,0.01,78.66,0.14,0.56,0.43,0.0,0.3,1.63,0.0,16.59,0.16,0.11,0.39,0.1,0.0,0.56,0.03,0.07
371,1.24,30.74,65.48,2.44,0.77,0.01,64.15,0.09,0.99,0.89,0.01,0.56,1.24,0.0,30.74,0.04,0.0,0.25,0.01,0.0,0.0,0.0,0.25
376,0.1,20.24,76.07,1.58,0.14,0.01,75.96,0.01,1.23,0.04,0.0,0.31,0.1,0.0,20.24,0.15,0.0,1.44,0.02,0.01,0.0,0.26,0.07
381,8.72,35.15,59.7,1.81,0.5,0.09,50.77,0.22,0.34,1.07,0.0,0.4,8.72,0.01,35.15,0.09,0.01,2.02,0.0,0.27,0.18,0.07,0.09
383,13.47,41.29,53.66,2.77,0.61,0.36,39.95,0.24,0.91,1.31,0.1,0.46,13.47,0.0,41.29,0.33,0.0,0.8,0.01,0.01,0.0,0.01,0.16
388,18.74,25.37,65.4,4.59,1.75,0.2,44.02,2.64,3.63,0.73,0.01,0.21,18.74,0.0,25.37,0.5,0.0,1.54,0.0,0.47,0.06,0.0,0.13
393,9.06,27.33,66.23,5.27,0.33,0.03,56.17,1.0,4.98,0.09,0.0,0.2,9.06,0.0,27.33,0.08,0.0,0.56,0.0,0.0,0.0,0.15,0.01
398,4.7,29.82,62.82,4.8,0.27,0.0,56.63,1.49,3.22,1.16,0.01,0.41,4.7,0.0,29.82,0.02,0.0,0.99,1.01,0.05,0.0,0.16,0.05
40,18.79,19.97,76.83,0.89,0.33,0.13,58.03,0.0,0.5,0.3,0.0,0.09,18.79,0.0,19.97,0.01,0.0,1.28,0.0,0.0,0.0,0.29,0.28
400,26.73,18.29,74.21,6.95,0.01,0.07,42.87,4.62,5.91,0.77,0.0,0.27,26.73,0.0,18.29,0.4,0.0,0.01,0.0,0.0,0.03,0.0,0.04
402,0.26,56.38,39.22,3.24,0.37,0.16,37.5,1.46,2.08,0.83,0.02,0.31,0.26,0.0,56.38,0.05,0.0,0.45,0.01,0.0,0.1,0.0,0.01
404,2.25,55.75,39.35,3.59,0.15,0.02,34.44,2.66,1.56,0.93,0.0,1.09,2.25,0.09,55.75,0.18,0.0,0.46,0.0,0.07,0.1,0.19,0.07
406,0.02,5.7,89.85,1.81,1.29,0.05,89.75,0.07,0.54,0.89,0.01,0.36,0.02,0.0,5.7,0.11,0.0,0.93,0.01,0.0,0.0,0.05,0.21
411,0.44,30.79,62.64,5.57,0.14,0.02,60.63,1.57,5.09,0.19,0.0,0.29,0.44,0.0,30.79,0.15,0.0,0.27,0.01,0.0,0.0,0.28,0.12
416,0.12,20.66,74.21,2.22,0.08,1.05,73.05,1.03,2.01,0.02,0.0,0.19,0.12,0.0,20.66,0.27,0.0,1.28,0.0,0.0,0.0,0.13,0.1
423,19.76,27.99,67.11,1.64,1.01,0.19,47.0,0.35,0.72,0.66,0.12,0.14,19.76,0.0,27.99,0.39,0.0,1.55,0.0,0.0,0.0,0.02,0.1
428,24.14,12.0,84.47,2.53,0.13,0.0,60.27,0.06,2.25,0.18,0.0,0.1,24.14,0.0,12.0,0.23,0.0,0.43,0.03,0.0,0.0,0.0,0.18
433,0.08,24.86,67.36,6.4,0.31,0.06,66.94,0.34,6.05,0.14,0.0,0.21,0.08,0.0,24.86,0.05,0.0,0.59,0.02,0.18,0.0,0.0,0.16
444,1.16,50.13,39.6,9.04,0.02,0.01,36.98,1.47,4.74,4.08,0.03,0.2,1.16,0.0,50.13,0.32,0.0,0.28,0.11,0.05,0.3,0.0,0.14
447,7.78,40.35,57.53,0.95,0.21,0.01,49.57,0.18,0.14,0.5,0.01,0.31,7.78,0.0,40.35,0.05,0.0,0.25,0.02,0.01,0.0,0.27,0.35
45,1.34,39.57,57.89,1.52,0.02,0.0,56.3,0.25,0.17,0.17,0.01,1.16,1.34,0.0,39.57,0.06,0.0,0.83,0.0,0.0,0.01,0.0,0.1
452,0.44,30.79,62.64,5.57,0.14,0.02,60.63,1.57,5.09,0.19,0.0,0.29,0.44,0.0,30.79,0.15,0.0,0.27,0.01,0.0,0.0,0.28,0.12
457,30.28,22.13,73.24,3.55,0.23,0.11,42.95,0.01,2.97,0.32,0.0,0.25,30.28,0.0,22.13,0.03,0.0,0.66,0.0,0.0,0.0,0.0,0.04
459,37.56,15.04,69.64,8.81,4.29,0.44,31.51,0.56,8.16,0.44,0.0,0.21,37.56,0.0,15.04,0.78,0.01,0.98,0.0,0.0,0.0,0.0,0.02
464,4.58,27.48,58.73,12.13,0.05,0.7,52.18,1.97,11.5,0.39,0.0,0.23,4.58,0.0,27.48,0.0,0.0,0.57,0.3,0.05,0.0,0.0,0.0
469,0.0,27.48,68.89,1.64,0.18,0.0,68.89,0.0,1.39,0.1,0.0,0.15,0.0,0.0,27.48,0.09,0.0,1.63,0.01,0.0,0.0,0.0,0.07
474,40.17,10.97,85.99,1.75,0.25,0.84,45.73,0.09,1.21,0.43,0.02,0.1,40.17,0.01,10.97,0.11,0.0,0.05,0.0,0.0,0.0,0.0,0.03
476,27.07,13.76,78.87,6.45,0.19,0.01,47.6,4.2,5.25,0.95,0.0,0.26,27.07,0.0,13.76,0.08,0.0,0.6,0.0,0.0,0.04,0.0,0.01
478,4.13,28.33,66.42,3.65,0.74,0.11,52.7,9.58,2.77,0.34,0.01,0.54,4.13,0.0,28.33,0.07,0.0,0.44,0.03,0.15,0.0,0.0,0.05
480,3.75,46.67,46.5,5.85,0.09,0.0,35.51,7.25,4.96,0.59,0.01,0.29,3.75,0.0,46.67,0.05,0.0,0.77,0.0,0.0,0.0,0.0,0.07
484,0.85,23.05,68.48,6.33,1.28,0.02,66.79,0.85,5.48,0.57,0.0,0.27,0.85,0.0,23.05,0.01,0.05,0.37,0.0,0.0,0.0,0.25,0.17
489,10.94,40.45,57.26,1.05,0.24,0.04,45.98,0.34,0.39,0.26,0.0,0.41,10.94,0.0,40.45,0.07,0.01,0.68,0.02,0.0,0.0,0.01,0.17
494,56.97,13.36,81.24,2.21,0.82,0.2,24.07,0.2,1.54,0.42,0.0,0.25,56.97,0.2,13.36,0.41,0.0,1.56,0.0,0.0,0.0,0.0,0.01
50,64.59,11.73,83.35,2.47,0.8,0.47,18.12,0.64,2.12,0.24,0.0,0.11,64.59,0.0,11.73,0.14,0.06,0.69,0.0,0.16,0.0,0.08,0.05
501,6.55,64.31,29.85,2.63,0.88,0.47,21.79,1.52,1.91,0.35,0.0,0.36,6.55,0.0,64.31,0.1,0.0,1.6,0.0,0.0,0.16,0.0,0.0
506,1.44,30.56,63.59,3.92,0.77,0.46,60.5,1.66,3.68,0.04,0.01,0.19,1.44,0.0,30.56,0.13,0.0,0.54,0.01,0.0,0.0,0.0,0.01
511,2.93,20.11,78.22,0.81,0.18,0.05,74.93,0.36,0.53,0.06,0.0,0.22,2.93,0.0,20.11,0.0,0.0,0.52,0.1,0.0,0.0,0.0,0.0
52,57.4,23.84,70.91,1.31,1.13,0.22,13.4,0.11,0.5,0.31,0.01,0.49,57.4,0.22,23.84,0.17,0.01,2.13,0.0,0.0,0.0,0.01,0.04
522,1.46,24.76,67.21,6.26,0.45,0.0,64.9,0.85,5.45,0.31,0.0,0.49,1.46,0.08,24.76,0.0,0.0,0.6,0.06,0.14,0.16,0.1,0.19
525,8.65,50.6,42.23,3.4,0.29,0.31,33.19,0.39,0.87,1.76,0.09,0.67,8.65,0.01,50.6,0.29,0.23,1.07,0.35,0.79,0.01,0.1,0.33
53,0.42,16.08,74.62,2.44,3.45,0.24,73.99,0.2,0.43,1.51,0.06,0.45,0.42,0.0,16.08,0.06,0.01,2.75,0.0,0.0,0.0,0.14,0.19
530,25.91,24.95,71.41,2.26,0.25,0.3,45.02,0.48,1.92,0.12,0.0,0.21,25.91,0.0,24.95,0.13,0.0,0.66,0.0,0.0,0.0,0.0,0.03
535,12.14,19.91,74.62,1.99,0.05,0.0,61.74,0.74,1.42,0.31,0.0,0.26,12.14,0.0,19.91,0.37,0.16,1.9,0.9,0.0,0.0,0.0,0.09
537,6.2,27.46,61.73,4.34,2.42,0.0,52.13,3.4,2.73,0.42,0.0,1.18,6.2,0.01,27.46,0.15,0.0,0.27,0.39,0.76,2.48,0.0,0.0
542,2.95,69.88,21.1,4.97,1.3,0.02,17.88,0.27,4.3,0.21,0.01,0.45,2.95,0.08,69.88,0.08,0.01,1.84,0.0,0.62,0.0,0.07,0.02
547,17.26,22.21,69.38,2.73,0.36,0.03,51.85,0.27,2.03,0.18,0.04,0.49,17.26,0.02,22.21,0.04,0.0,0.43,0.0,3.34,1.3,0.15,0.03
552,12.32,32.98,58.98,6.96,0.39,0.15,45.61,1.05,6.42,0.34,0.0,0.2,12.32,0.14,32.98,0.01,0.0,0.39,0.0,0.0,0.0,0.0,0.0
554,2.23,21.17,76.83,1.02,0.18,0.03,74.34,0.26,0.48,0.12,0.0,0.41,2.23,0.0,21.17,0.03,0.0,0.55,0.18,0.0,0.0,0.0,0.01
556,1.88,21.85,75.76,2.25,0.03,0.05,72.34,1.54,1.44,0.49,0.0,0.32,1.88,0.0,21.85,0.03,0.0,0.0,0.01,0.0,0.0,0.0,0.02
558,0.59,29.21,64.75,3.67,1.61,0.01,62.25,1.91,2.57,0.45,0.01,0.64,0.59,0.0,29.21,0.25,0.0,0.48,0.0,0.0,0.01,0.0,0.0
562,0.97,33.5,60.25,2.99,0.75,0.18,59.27,0.01,0.9,1.65,0.01,0.43,0.97,0.0,33.5,0.11,0.01,1.93,0.08,0.0,0.0,0.03,0.17
567,20.21,39.33,53.76,3.24,0.93,0.24,32.24,1.31,0.82,1.03,0.06,1.34,20.21,0.02,39.33,0.09,0.05,1.03,0.05,0.79,0.43,0.0,0.04
572,2.55,16.72,80.96,0.89,0.07,0.0,78.21,0.2,0.25,0.32,0.02,0.3,2.55,0.0,16.72,0.33,0.0,0.93,0.0,0.0,0.08,0.01,0.01
579,14.92,37.52,58.06,1.89,0.97,0.52,38.85,4.29,0.86,0.64,0.04,0.34,14.92,0.0,37.52,0.11,0.07,0.81,0.0,0.0,0.0,0.0,0.05
58,3.03,23.19,72.88,0.8,0.32,0.0,69.71,0.13,0.26,0.34,0.0,0.2,3.03,0.0,23.19,0.15,0.0,1.28,0.89,0.06,0.0,0.31,0.1
584,2.72,34.27,63.22,1.93,0.22,0.04,56.93,3.56,1.27,0.39,0.0,0.27,2.72,0.01,34.27,0.0,0.0,0.16,0.0,0.0,0.0,0.0,0.14
589,0.42,26.29,70.16,2.5,0.42,0.08,69.29,0.45,1.76,0.54,0.0,0.2,0.42,0.0,26.29,0.01,0.0,0.54,0.0,0.0,0.0,0.0,0.0
6,39.03,24.98,69.02,2.95,0.77,0.26,29.13,0.87,2.16,0.26,0.0,0.52,39.03,0.02,24.98,0.81,0.0,1.18,0.0,0.0,0.0,0.01,0.0
600,0.21,39.34,39.81,17.98,0.44,0.73,36.99,2.61,16.56,1.04,0.0,0.37,0.21,0.01,39.34,0.09,0.0,0.78,0.0,0.3,0.51,0.0,0.02
603,8.87,40.57,51.95,2.79,1.37,0.71,42.65,0.43,1.74,0.54,0.0,0.51,8.87,0.08,40.57,0.23,0.0,1.25,0.18,0.63,0.16,0.0,0.08
608,7.07,44.35,47.54,3.31,0.17,0.03,40.09,0.38,0.78,2.31,0.02,0.2,7.07,0.0,44.35,0.26,0.0,2.06,0.0,1.9,0.2,0.15,0.03
613,0.04,20.28,75.18,0.65,0.22,1.0,75.09,0.05,0.31,0.04,0.0,0.29,0.04,0.0,20.28,0.39,0.0,1.46,0.56,0.19,0.0,0.0,0.06
615,1.7,25.86,67.51,1.03,0.9,0.03,64.99,0.82,0.46,0.3,0.0,0.28,1.7,0.0,25.86,0.1,0.0,3.69,0.88,0.0,0.0,0.0,0.0
620,24.05,21.86,73.95,3.02,0.08,0.29,47.21,2.69,2.18,0.16,0.01,0.66,24.05,0.0,21.86,0.19,0.0,0.55,0.03,0.0,0.0,0.0,0.03
625,0.1,32.14,62.53,3.12,0.6,0.72,62.35,0.07,2.74,0.07,0.0,0.31,0.1,0.0,32.14,0.05,0.0,0.71,0.0,0.0,0.0,0.0,0.13
63,0.0,15.7,76.82,4.34,0.1,0.43,76.11,0.71,3.99,0.15,0.0,0.2,0.0,0.0,15.7,0.25,0.22,0.72,0.0,0.0,0.25,0.18,0.99
630,19.06,21.15,71.58,5.05,0.27,0.14,51.51,1.01,4.34,0.44,0.0,0.26,19.06,0.13,21.15,0.08,0.0,0.35,0.16,1.06,0.0,0.0,0.03
632,18.14,19.81,73.97,5.76,0.0,0.03,53.78,2.05,5.38,0.11,0.0,0.26,18.14,0.32,19.81,0.05,0.0,0.0,0.0,0.0,0.02,0.01,0.05
634,10.38,27.11,70.22,1.96,0.3,0.04,58.41,1.43,1.59,0.1,0.0,0.27,10.38,0.0,27.11,0.02,0.0,0.34,0.0,0.0,0.0,0.01,0.01
636,0.43,36.94,59.87,2.5,0.07,0.04,58.26,1.18,2.15,0.21,0.0,0.14,0.43,0.0,36.94,0.21,0.0,0.28,0.0,0.0,0.0,0.0,0.1
639,5.84,32.56,62.28,3.37,0.27,0.04,56.33,0.11,2.11,0.86,0.03,0.38,5.84,0.0,32.56,0.48,0.01,0.8,0.0,0.02,0.0,0.05,0.11
644,1.3,27.03,59.65,4.03,0.5,0.04,38.14,20.21,3.34,0.33,0.0,0.36,1.3,0.0,27.03,0.0,0.0,0.17,0.66,5.93,1.99,0.0,0.0
649,0.53,26.55,68.8,2.02,0.22,0.15,67.96,0.31,1.01,0.8,0.01,0.21,0.53,0.03,26.55,0.0,0.0,1.07,0.0,0.0,1.04,0.07,0.04
656,1.44,21.59,66.45,3.0,0.88,0.17,62.02,3.0,2.41,0.17,0.0,0.42,1.44,0.13,21.59,0.07,0.02,1.26,0.0,6.19,0.22,0.0,0.01
661,2.07,32.5,60.8,5.27,0.51,0.25,53.51,5.22,4.79,0.04,0.0,0.44,2.07,0.25,32.5,0.2,0.0,0.2,0.0,0.0,0.0,0.0,0.0
666,0.47,30.89,62.05,4.04,0.11,0.0,60.5,1.08,3.42,0.44,0.01,0.17,0.47,0.07,30.89,0.11,0.01,0.09,0.01,2.56,0.05,0.0,0.0
680,10.76,30.66,62.58,3.37,0.22,0.11,51.35,0.46,2.35,0.58,0.01,0.43,10.76,0.0,30.66,0.25,0.0,2.22,0.54,0.0,0.0,0.05,0.0
685,1.06,14.16,83.66,1.02,0.05,0.03,82.59,0.0,0.14,0.31,0.0,0.57,1.06,0.0,14.16,0.06,0.0,0.88,0.09,0.0,0.0,0.0,0.06
690,0.01,17.94,74.86,1.71,0.31,0.01,74.64,0.22,1.32,0.1,0.0,0.29,0.01,0.0,17.94,0.13,0.04,1.07,0.03,0.0,3.72,0.06,0.13
692,0.13,28.87,59.81,3.04,0.14,0.25,57.69,1.99,2.55,0.14,0.0,0.34,0.13,0.02,28.87,0.41,0.0,1.75,0.31,5.34,0.0,0.03,0.02
697,9.78,29.26,63.3,4.22,0.83,0.37,46.97,6.55,1.37,2.3,0.04,0.51,9.78,0.23,29.26,0.26,0.05,0.58,0.84,0.0,0.0,0.0,0.07
70,50.0,24.83,69.68,1.69,0.81,0.41,19.47,0.21,0.8,0.55,0.0,0.34,50.0,0.2,24.83,0.05,0.0,2.07,0.0,0.11,0.0,0.01,0.13
702,77.89,7.27,88.85,3.68,0.04,0.04,10.93,0.04,3.66,0.01,0.0,0.02,77.89,0.0,7.27,0.08,0.0,0.03,0.0,0.0,0.0,0.0,0.0
707,10.97,21.56,77.73,0.54,0.0,0.01,66.36,0.41,0.12,0.14,0.0,0.28,10.97,0.0,21.56,0.01,0.0,0.15,0.0,0.0,0.0,0.0,0.0
709,16.24,23.75,67.8,6.07,2.1,0.02,47.73,3.83,5.88,0.03,0.0,0.16,16.24,0.0,23.75,0.11,0.0,0.1,0.0,0.05,0.0,0.0,0.0
711,20.37,20.52,75.07,2.12,0.67,0.1,54.0,0.7,1.74,0.11,0.01,0.26,20.37,0.01,20.52,0.08,0.0,1.42,0.0,0.0,0.0,0.0,0.01
713,3.63,36.65,55.97,5.81,0.26,0.15,51.96,0.38,5.37,0.15,0.01,0.28,3.63,0.0,36.65,0.12,0.02,0.39,0.55,0.0,0.0,0.0,0.08
715,0.66,49.39,43.39,5.0,0.4,0.09,40.73,2.0,3.99,0.74,0.02,0.26,0.66,0.0,49.39,0.35,0.0,1.0,0.25,0.11,0.02,0.0,0.0
716,0.89,25.3,67.78,2.12,1.24,1.33,66.86,0.03,0.15,1.41,0.27,0.3,0.89,0.07,25.3,0.28,0.0,1.27,0.1,0.28,0.05,0.0,0.19
721,12.76,16.46,77.51,3.57,0.42,0.02,64.02,0.73,3.23,0.08,0.0,0.26,12.76,0.0,16.46,0.51,0.0,1.37,0.0,0.01,0.11,0.0,0.01
726,27.74,33.47,62.8,1.49,0.3,0.14,33.67,1.4,0.79,0.34,0.0,0.36,27.74,0.0,33.47,0.15,0.0,1.53,0.0,0.0,0.01,0.07,0.04
733,9.31,38.0,56.64,3.1,0.66,0.09,44.9,2.43,2.38,0.13,0.0,0.58,9.31,0.0,38.0,0.02,0.0,1.06,0.34,0.0,0.0,0.06,0.04
738,14.67,34.4,61.98,3.24,0.08,0.03,46.66,0.65,2.56,0.54,0.0,0.14,14.67,0.0,34.4,0.06,0.0,0.11,0.02,0.0,0.07,0.0,0.01
74,29.0,15.6,78.65,0.84,1.11,0.58,48.47,1.18,0.27,0.42,0.0,0.14,29.0,0.0,15.6,1.36,0.0,1.27,0.02,0.0,0.0,0.02,0.54
743,0.58,33.45,59.79,3.11,1.0,0.32,58.99,0.23,3.0,0.01,0.0,0.09,0.58,0.0,33.45,0.12,0.0,1.08,0.02,0.94,0.0,0.05,0.11
757,12.23,11.16,82.34,3.27,2.13,0.08,68.47,1.64,2.61,0.25,0.0,0.41,12.23,0.0,11.16,0.38,0.01,0.53,0.01,0.0,0.0,0.05,0.04
762,38.02,5.26,89.38,3.94,0.73,0.6,48.0,3.35,3.69,0.0,0.0,0.25,38.02,0.0,5.26,0.02,0.0,0.06,0.0,0.0,0.0,0.0,0.01
767,25.97,35.77,60.72,1.35,0.1,0.05,32.43,2.32,0.78,0.32,0.0,0.25,25.97,0.0,35.77,0.13,0.0,1.74,0.0,0.0,0.0,0.04,0.09
769,1.8,33.35,62.39,1.66,0.38,0.06,60.4,0.19,1.13,0.22,0.0,0.31,1.8,0.0,33.35,0.02,0.0,1.52,0.42,0.0,0.13,0.06,0.02
774,4.16,42.15,52.68,2.83,0.66,0.13,47.73,0.78,2.59,0.0,0.01,0.23,4.16,0.0,42.15,0.03,0.18,1.19,0.14,0.0,0.0,0.0,0.01
779,45.35,26.13,72.25,0.19,0.05,0.14,26.5,0.4,0.02,0.08,0.0,0.09,45.35,0.0,26.13,0.15,0.0,1.11,0.0,0.0,0.0,0.0,0.0
784,8.91,37.31,58.26,1.9,0.34,0.02,49.35,0.0,1.13,0.52,0.01,0.25,8.91,0.01,37.31,0.27,0.01,1.53,0.19,0.0,0.0,0.02,0.15
786,6.94,17.16,72.05,7.78,1.1,0.06,64.79,0.32,7.34,0.33,0.0,0.11,6.94,0.95,17.16,0.01,0.0,0.09,0.71,0.0,0.0,0.0,0.1
788,15.41,36.4,58.48,4.67,0.02,0.03,41.38,1.7,4.33,0.06,0.0,0.28,15.41,0.0,36.4,0.16,0.0,0.05,0.0,0.0,0.0,0.0,0.17
79,2.28,30.29,66.63,1.52,0.16,0.0,64.02,0.33,0.2,1.02,0.0,0.31,2.28,0.0,30.29,0.09,0.0,1.04,0.01,0.0,0.04,0.2,0.01
790,1.5,43.29,51.54,2.82,0.59,0.13,49.17,0.86,2.16,0.41,0.01,0.25,1.5,0.12,43.29,0.08,0.0,0.34,0.28,0.81,0.0,0.0,0.0
792,0.34,29.35,61.16,1.85,0.6,0.16,60.81,0.01,0.39,1.05,0.01,0.41,0.34,0.02,29.35,0.39,0.0,1.92,0.1,4.19,0.11,0.0,0.15
797,11.46,23.96,71.48,3.45,0.2,0.03,58.85,1.17,3.16,0.23,0.0,0.06,11.46,0.1,23.96,0.34,0.0,0.22,0.0,0.18,0.0,0.0,0.03
8,0.92,18.83,73.53,2.08,2.76,0.57,72.5,0.11,1.73,0.17,0.0,0.18,0.92,0.0,18.83,0.16,0.0,1.52,0.45,0.01,0.0,0.04,0.05
802,0.31,9.67,81.49,5.45,2.49,0.12,79.64,1.55,3.51,1.5,0.01,0.43,0.31,0.0,9.67,0.32,0.0,0.16,0.06,0.09,0.04,0.0,0.11
809,2.23,32.36,59.29,3.62,1.83,0.43,56.96,0.1,1.93,1.13,0.0,0.56,2.23,0.0,32.36,0.23,0.0,1.06,0.19,0.03,0.92,0.02,0.02
814,33.39,26.44,71.13,0.33,0.34,0.01,36.95,0.79,0.21,0.07,0.0,0.06,33.39,0.0,26.44,0.25,0.0,0.47,0.0,0.78,0.25,0.0,0.0
819,20.77,28.63,68.56,0.59,0.27,0.23,47.65,0.14,0.3,0.04,0.0,0.24,20.77,0.24,28.63,0.28,0.11,0.75,0.23,0.0,0.0,0.0,0.12
833,0.04,19.59,72.34,0.4,4.27,0.6,72.3,0.0,0.14,0.13,0.04,0.09,0.04,0.0,19.59,0.38,0.0,1.65,0.0,0.0,0.07,0.0,0.7
838,5.24,14.98,82.64,0.87,0.03,0.26,77.15,0.26,0.34,0.14,0.0,0.39,5.24,0.0,14.98,0.07,0.0,0.99,0.0,0.0,0.0,0.0,0.15
84,1.1,28.52,67.02,1.78,0.36,0.0,65.92,0.01,0.75,0.46,0.06,0.52,1.1,0.0,28.52,0.0,0.01,0.76,0.0,1.09,0.27,0.13,0.05
843,0.53,17.31,80.73,1.04,0.04,0.0,80.21,0.0,0.17,0.19,0.0,0.67,0.53,0.0,17.31,0.01,0.0,0.59,0.0,0.06,0.19,0.0,0.02
845,10.41,45.61,49.31,2.44,0.34,0.16,38.77,0.13,0.94,0.99,0.02,0.49,10.41,0.0,45.61,0.16,0.0,1.71,0.0,0.0,0.0,0.13,0.13
850,10.68,26.13,68.42,2.09,2.31,0.07,54.99,2.75,1.67,0.11,0.03,0.29,10.68,0.04,26.13,0.07,0.01,0.82,0.0,0.02,0.01,0.0,0.0
855,38.09,21.77,76.91,0.33,0.21,0.03,38.46,0.36,0.15,0.04,0.0,0.15,38.09,0.0,21.77,0.15,0.0,0.59,0.0,0.0,0.0,0.0,0.0
86,4.31,0.97,82.12,0.74,12.19,0.2,76.04,1.77,0.12,0.1,0.0,0.52,4.31,0.97,0.97,0.61,0.0,1.76,0.03,0.08,0.01,0.0,0.31
860,29.97,15.19,83.48,1.33,0.0,0.0,53.51,0.0,0.59,0.61,0.01,0.12,29.97,0.0,15.19,0.0,0.0,0.0,0.0,0.0,0.0,0.0,0.0
862,17.19,32.84,62.11,2.17,0.5,0.02,42.61,2.31,1.6,0.37,0.01,0.2,17.19,0.0,32.84,0.12,0.0,1.28,0.0,0.36,0.47,0.07,0.05
864,4.02,49.61,44.5,4.72,0.41,0.05,37.42,3.05,3.36,1.11,0.0,0.25,4.02,0.01,49.61,0.08,0.0,0.36,0.16,0.0,0.1,0.0,0.0
866,0.64,49.18,41.41,5.54,0.95,0.11,39.07,1.7,4.26,0.94,0.0,0.35,0.64,0.0,49.18,0.07,0.03,1.07,1.01,0.52,0.03,0.0,0.09
868,0.45,27.22,64.95,2.55,0.55,0.49,64.34,0.15,0.14,1.81,0.08,0.53,0.45,0.0,27.22,0.76,0.0,3.33,0.07,0.0,0.03,0.03,0.03
873,4.53,19.22,73.8,5.2,1.01,0.19,58.87,10.4,4.69,0.28,0.01,0.22,4.53,0.0,19.22,0.03,0.0,0.42,0.12,0.0,0.0,0.0,0.0
878,0.28,29.84,65.79,2.07,0.03,0.08,65.32,0.19,1.17,0.45,0.0,0.46,0.28,0.0,29.84,0.31,0.0,1.41,0.22,0.09,0.02,0.0,0.13
885,11.47,33.36,62.58,2.08,0.3,0.02,50.58,0.53,1.41,0.29,0.0,0.38,11.47,0.0,33.36,0.06,0.01,1.44,0.04,0.0,0.0,0.0,0.1
890,15.86,26.71,68.48,3.38,0.44,0.24,50.04,2.58,2.75,0.35,0.01,0.27,15.86,0.0,26.71,0.43,0.06,0.2,0.03,0.0,0.0,0.01,0.03
895,27.16,17.33,79.8,1.11,0.58,0.77,52.32,0.32,0.38,0.58,0.0,0.14,27.16,0.0,17.33,0.1,0.0,0.31,0.0,0.0,0.0,0.0,0.0
908,2.49,22.31,71.4,2.88,0.18,0.11,67.4,1.51,2.56,0.18,0.0,0.15,2.49,0.0,22.31,0.32,0.0,2.57,0.16,0.02,0.05,0.0,0.0
91,2.99,51.2,39.74,2.48,1.4,0.96,36.18,0.57,1.97,0.14,0.0,0.38,2.99,0.12,51.2,0.02,0.01,0.81,0.08,1.71,1.14,0.04,0.29
913,0.15,14.25,82.23,1.49,0.01,0.0,82.08,0.0,0.59,0.63,0.0,0.26,0.15,0.0,14.25,0.14,0.0,0.5,0.16,0.97,0.24,0.0,0.01
918,0.28,19.17,78.49,1.0,0.08,0.15,78.21,0.0,0.2,0.66,0.0,0.14,0.28,0.0,19.17,0.33,0.0,0.6,0.14,0.0,0.0,0.0,0.03
92,0.0,16.52,77.26,3.35,0.98,0.57,72.12,5.14,2.51,0.54,0.0,0.31,0.0,0.0,16.52,0.05,0.0,1.04,0.16,0.0,0.0,0.08,0.0
920,0.24,9.71,87.0,2.08,0.0,0.0,84.42,2.35,1.73,0.13,0.0,0.21,0.24,0.0,9.71,0.09,0.0,0.91,0.01,0.01,0.2,0.0,0.0
925,34.57,21.12,74.61,2.51,0.33,0.01,37.53,2.51,2.08,0.13,0.01,0.28,34.57,0.76,21.12,0.21,0.0,0.37,0.0,0.0,0.0,0.07,0.0
930,8.61,29.31,67.96,0.87,0.2,0.48,57.66,1.68,0.67,0.05,0.0,0.15,8.61,0.0,29.31,0.2,0.0,0.95,0.0,0.01,0.0,0.0,0.01
935,19.68,50.09,48.71,0.42,0.14,0.03,28.99,0.03,0.06,0.16,0.0,0.2,19.68,0.0,50.09,0.02,0.0,0.17,0.43,0.0,0.0,0.0,0.0
937,5.24,54.74,34.12,7.35,0.65,0.33,27.07,1.81,6.39,0.62,0.0,0.33,5.24,1.03,54.74,0.22,0.02,0.7,0.54,0.2,0.04,0.0,0.06
939,1.75,61.93,30.78,4.76,0.35,0.25,28.32,0.72,3.69,0.75,0.01,0.3,1.75,0.01,61.93,0.09,0.0,0.65,0.61,0.03,0.34,0.02,0.17
941,7.0,47.65,44.51,5.48,0.54,0.19,32.22,5.29,4.62,0.77,0.0,0.09,7.0,0.04,47.65,0.25,0.13,0.18,0.71,0.14,0.05,0.02,0.12
943,0.25,41.58,52.87,2.41,0.12,0.01,42.69,9.93,1.42,0.55,0.0,0.44,0.25,0.0,41.58,0.01,0.0,0.59,0.0,2.39,0.03,0.0,0.0
945,3.07,14.98,76.47,6.73,0.0,0.1,71.87,1.53,6.21,0.38,0.0,0.14,3.07,0.0,14.98,0.35,0.0,1.35,0.0,0.0,0.0,0.0,0.02
949,0.06,12.62,84.43,1.9,0.09,0.0,84.34,0.03,0.74,1.08,0.0,0.08,0.06,0.0,12.62,0.07,0.0,0.21,0.0,0.38,0.15,0.05,0.11
954,15.23,6.58,89.35,0.43,0.24,0.05,74.12,0.0,0.25,0.14,0.0,0.04,15.23,0.0,6.58,0.33,0.0,2.98,0.0,0.0,0.0,0.0,0.04
961,3.05,21.31,73.65,3.32,0.06,0.01,68.44,2.16,1.64,0.6,0.0,1.07,3.05,0.0,21.31,0.06,0.0,1.38,0.21,0.0,0.0,0.0,0.0
966,7.53,19.64,66.3,0.94,0.58,2.59,57.79,0.98,0.64,0.14,0.0,0.16,7.53,0.0,19.64,0.02,0.0,1.79,0.0,2.11,6.03,0.0,0.0
97,0.18,22.37,71.5,1.92,0.2,0.02,68.76,2.57,1.47,0.12,0.01,0.33,0.18,0.0,22.37,0.16,0.0,1.21,0.37,2.1,0.0,0.0,0.15
971,5.39,36.33,61.08,1.39,0.02,0.12,54.39,1.3,1.18,0.02,0.0,0.2,5.39,0.0,36.33,0.0,0.01,1.01,0.0,0.0,0.03,0.0,0.0
985,0.73,11.45,76.93,8.58,0.01,0.04,74.39,1.8,7.49,0.77,0.0,0.32,0.73,0.0,11.45,0.27,0.0,1.79,0.3,0.0,0.0,0.0,0.61
989,0.09,9.97,85.78,1.31,1.26,0.13,85.69,0.0,0.23,0.89,0.0,0.19,0.09,0.0,9.97,0.05,0.0,1.49,0.0,0.0,0.0,0.0,0.0
994,0.07,17.95,73.39,7.92,0.0,0.09,73.04,0.27,6.69,1.09,0.0,0.15,0.07,0.0,17.95,0.18,0.0,0.41,0.0,0.0,0.06,0.0,0.0
996,4.27,8.28,88.64,0.36,0.62,0.02,84.28,0.08,0.15,0.1,0.0,0.1,4.27,0.0,8.28,0.03,0.0,1.57,0.36,0.0,0.0,0.0,0.12
